<NewDataSet>
  <Table1>
    <BytesPerSector xsi:type="xs:unsignedInt" xmlns:xs="http://www.w3.org/2001/XMLSchema" xmlns:xsi="http://www.w3.org/2001/XMLSchema-instance">512</BytesPerSector>
    <Capabilities_x005B__x005D_ xsi:type="xs:string" xmlns:xs="http://www.w3.org/2001/XMLSchema" xmlns:xsi="http://www.w3.org/2001/XMLSchema-instance"> | 3 | 4 | 10</Capabilities_x005B__x005D_>
    <CapabilityDescriptions_x005B__x005D_ xsi:type="xs:string" xmlns:xs="http://www.w3.org/2001/XMLSchema" xmlns:xsi="http://www.w3.org/2001/XMLSchema-instance"> | Random Access | Supports Writing | SMART Notification</CapabilityDescriptions_x005B__x005D_>
    <Caption xsi:type="xs:string" xmlns:xs="http://www.w3.org/2001/XMLSchema" xmlns:xsi="http://www.w3.org/2001/XMLSchema-instance">LITEONIT LCT-128M3S SCSI Disk Device</Caption>
    <ConfigManagerErrorCode xsi:type="xs:unsignedInt" xmlns:xs="http://www.w3.org/2001/XMLSchema" xmlns:xsi="http://www.w3.org/2001/XMLSchema-instance">0</ConfigManagerErrorCode>
    <ConfigManagerUserConfig xsi:type="xs:boolean" xmlns:xs="http://www.w3.org/2001/XMLSchema" xmlns:xsi="http://www.w3.org/2001/XMLSchema-instance">false</ConfigManagerUserConfig>
    <CreationClassName xsi:type="xs:string" xmlns:xs="http://www.w3.org/2001/XMLSchema" xmlns:xsi="http://www.w3.org/2001/XMLSchema-instance">Win32_DiskDrive</CreationClassName>
    <Description xsi:type="xs:string" xmlns:xs="http://www.w3.org/2001/XMLSchema" xmlns:xsi="http://www.w3.org/2001/XMLSchema-instance">Дисковый накопитель</Description>
    <DeviceID xsi:type="xs:string" xmlns:xs="http://www.w3.org/2001/XMLSchema" xmlns:xsi="http://www.w3.org/2001/XMLSchema-instance">\\.\PHYSICALDRIVE0</DeviceID>
    <FirmwareRevision xsi:type="xs:string" xmlns:xs="http://www.w3.org/2001/XMLSchema" xmlns:xsi="http://www.w3.org/2001/XMLSchema-instance">VQDA</FirmwareRevision>
    <Index xsi:type="xs:unsignedInt" xmlns:xs="http://www.w3.org/2001/XMLSchema" xmlns:xsi="http://www.w3.org/2001/XMLSchema-instance">0</Index>
    <InterfaceType xsi:type="xs:string" xmlns:xs="http://www.w3.org/2001/XMLSchema" xmlns:xsi="http://www.w3.org/2001/XMLSchema-instance">IDE</InterfaceType>
    <Manufacturer xsi:type="xs:string" xmlns:xs="http://www.w3.org/2001/XMLSchema" xmlns:xsi="http://www.w3.org/2001/XMLSchema-instance">(Стандартные дисковые накопители)</Manufacturer>
    <MediaLoaded xsi:type="xs:boolean" xmlns:xs="http://www.w3.org/2001/XMLSchema" xmlns:xsi="http://www.w3.org/2001/XMLSchema-instance">true</MediaLoaded>
    <MediaType xsi:type="xs:string" xmlns:xs="http://www.w3.org/2001/XMLSchema" xmlns:xsi="http://www.w3.org/2001/XMLSchema-instance">Fixed hard disk media</MediaType>
    <Model xsi:type="xs:string" xmlns:xs="http://www.w3.org/2001/XMLSchema" xmlns:xsi="http://www.w3.org/2001/XMLSchema-instance">LITEONIT LCT-128M3S SCSI Disk Device</Model>
    <Name xsi:type="xs:string" xmlns:xs="http://www.w3.org/2001/XMLSchema" xmlns:xsi="http://www.w3.org/2001/XMLSchema-instance">\\.\PHYSICALDRIVE0</Name>
    <Partitions xsi:type="xs:unsignedInt" xmlns:xs="http://www.w3.org/2001/XMLSchema" xmlns:xsi="http://www.w3.org/2001/XMLSchema-instance">3</Partitions>
    <PNPDeviceID xsi:type="xs:string" xmlns:xs="http://www.w3.org/2001/XMLSchema" xmlns:xsi="http://www.w3.org/2001/XMLSchema-instance">SCSI\DISK&amp;VEN_LITEONIT&amp;PROD_LCT-128M3S\4&amp;7660F52&amp;0&amp;000000</PNPDeviceID>
    <PowerManagementCapabilities_x005B__x005D_ xsi:type="xs:string" xmlns:xs="http://www.w3.org/2001/XMLSchema" xmlns:xsi="http://www.w3.org/2001/XMLSchema-instance" />
    <SCSIBus xsi:type="xs:unsignedInt" xmlns:xs="http://www.w3.org/2001/XMLSchema" xmlns:xsi="http://www.w3.org/2001/XMLSchema-instance">0</SCSIBus>
    <SCSILogicalUnit xsi:type="xs:unsignedShort" xmlns:xs="http://www.w3.org/2001/XMLSchema" xmlns:xsi="http://www.w3.org/2001/XMLSchema-instance">0</SCSILogicalUnit>
    <SCSIPort xsi:type="xs:unsignedShort" xmlns:xs="http://www.w3.org/2001/XMLSchema" xmlns:xsi="http://www.w3.org/2001/XMLSchema-instance">0</SCSIPort>
    <SCSITargetId xsi:type="xs:unsignedShort" xmlns:xs="http://www.w3.org/2001/XMLSchema" xmlns:xsi="http://www.w3.org/2001/XMLSchema-instance">0</SCSITargetId>
    <SectorsPerTrack xsi:type="xs:unsignedInt" xmlns:xs="http://www.w3.org/2001/XMLSchema" xmlns:xsi="http://www.w3.org/2001/XMLSchema-instance">63</SectorsPerTrack>
    <SerialNumber xsi:type="xs:string" xmlns:xs="http://www.w3.org/2001/XMLSchema" xmlns:xsi="http://www.w3.org/2001/XMLSchema-instance">TW0K11MF5508522E2497</SerialNumber>
    <Signature xsi:type="xs:unsignedInt" xmlns:xs="http://www.w3.org/2001/XMLSchema" xmlns:xsi="http://www.w3.org/2001/XMLSchema-instance">2379436650</Signature>
    <Size xsi:type="xs:unsignedLong" xmlns:xs="http://www.w3.org/2001/XMLSchema" xmlns:xsi="http://www.w3.org/2001/XMLSchema-instance">128034708480</Size>
    <Status xsi:type="xs:string" xmlns:xs="http://www.w3.org/2001/XMLSchema" xmlns:xsi="http://www.w3.org/2001/XMLSchema-instance">OK</Status>
    <SystemCreationClassName xsi:type="xs:string" xmlns:xs="http://www.w3.org/2001/XMLSchema" xmlns:xsi="http://www.w3.org/2001/XMLSchema-instance">Win32_ComputerSystem</SystemCreationClassName>
    <SystemName xsi:type="xs:string" xmlns:xs="http://www.w3.org/2001/XMLSchema" xmlns:xsi="http://www.w3.org/2001/XMLSchema-instance">LOKIWORK</SystemName>
    <TotalCylinders xsi:type="xs:unsignedLong" xmlns:xs="http://www.w3.org/2001/XMLSchema" xmlns:xsi="http://www.w3.org/2001/XMLSchema-instance">15566</TotalCylinders>
    <TotalHeads xsi:type="xs:unsignedInt" xmlns:xs="http://www.w3.org/2001/XMLSchema" xmlns:xsi="http://www.w3.org/2001/XMLSchema-instance">255</TotalHeads>
    <TotalSectors xsi:type="xs:unsignedLong" xmlns:xs="http://www.w3.org/2001/XMLSchema" xmlns:xsi="http://www.w3.org/2001/XMLSchema-instance">250067790</TotalSectors>
    <TotalTracks xsi:type="xs:unsignedLong" xmlns:xs="http://www.w3.org/2001/XMLSchema" xmlns:xsi="http://www.w3.org/2001/XMLSchema-instance">3969330</TotalTracks>
    <TracksPerCylinder xsi:type="xs:unsignedInt" xmlns:xs="http://www.w3.org/2001/XMLSchema" xmlns:xsi="http://www.w3.org/2001/XMLSchema-instance">255</TracksPerCylinder>
  </Table1>
</NewDataSet>