<NewDataSet>
  <Table1>
    <Caption xsi:type="xs:string" xmlns:xs="http://www.w3.org/2001/XMLSchema" xmlns:xsi="http://www.w3.org/2001/XMLSchema-instance">Viber</Caption>
    <Description xsi:type="xs:string" xmlns:xs="http://www.w3.org/2001/XMLSchema" xmlns:xsi="http://www.w3.org/2001/XMLSchema-instance">Viber</Description>
    <IdentifyingNumber xsi:type="xs:string" xmlns:xs="http://www.w3.org/2001/XMLSchema" xmlns:xsi="http://www.w3.org/2001/XMLSchema-instance">{B974C1CA-B273-4F4A-91A0-45A24ADE8FD7}</IdentifyingNumber>
    <InstallDate xsi:type="xs:string" xmlns:xs="http://www.w3.org/2001/XMLSchema" xmlns:xsi="http://www.w3.org/2001/XMLSchema-instance">20170316</InstallDate>
    <Vendor xsi:type="xs:string" xmlns:xs="http://www.w3.org/2001/XMLSchema" xmlns:xsi="http://www.w3.org/2001/XMLSchema-instance">Viber Media Inc.</Vendor>
    <Version xsi:type="xs:string" xmlns:xs="http://www.w3.org/2001/XMLSchema" xmlns:xsi="http://www.w3.org/2001/XMLSchema-instance">6.6.1.3</Version>
  </Table1>
  <Table1>
    <Caption xsi:type="xs:string" xmlns:xs="http://www.w3.org/2001/XMLSchema" xmlns:xsi="http://www.w3.org/2001/XMLSchema-instance">Elasticsearch Windows Service</Caption>
    <Description xsi:type="xs:string" xmlns:xs="http://www.w3.org/2001/XMLSchema" xmlns:xsi="http://www.w3.org/2001/XMLSchema-instance">Elasticsearch Windows Service</Description>
    <IdentifyingNumber xsi:type="xs:string" xmlns:xs="http://www.w3.org/2001/XMLSchema" xmlns:xsi="http://www.w3.org/2001/XMLSchema-instance">{2B07B100-A66A-4280-839D-229CE63A9318}</IdentifyingNumber>
    <InstallDate xsi:type="xs:string" xmlns:xs="http://www.w3.org/2001/XMLSchema" xmlns:xsi="http://www.w3.org/2001/XMLSchema-instance">20170626</InstallDate>
    <Vendor xsi:type="xs:string" xmlns:xs="http://www.w3.org/2001/XMLSchema" xmlns:xsi="http://www.w3.org/2001/XMLSchema-instance">Installer by Hendrik Saly</Vendor>
    <Version xsi:type="xs:string" xmlns:xs="http://www.w3.org/2001/XMLSchema" xmlns:xsi="http://www.w3.org/2001/XMLSchema-instance">1.5.0.4</Version>
  </Table1>
  <Table1>
    <Caption xsi:type="xs:string" xmlns:xs="http://www.w3.org/2001/XMLSchema" xmlns:xsi="http://www.w3.org/2001/XMLSchema-instance">64 Bit HP CIO Components Installer</Caption>
    <Description xsi:type="xs:string" xmlns:xs="http://www.w3.org/2001/XMLSchema" xmlns:xsi="http://www.w3.org/2001/XMLSchema-instance">64 Bit HP CIO Components Installer</Description>
    <IdentifyingNumber xsi:type="xs:string" xmlns:xs="http://www.w3.org/2001/XMLSchema" xmlns:xsi="http://www.w3.org/2001/XMLSchema-instance">{30689060-43BD-46E9-8A54-E6CDB18AAB88}</IdentifyingNumber>
    <InstallDate xsi:type="xs:string" xmlns:xs="http://www.w3.org/2001/XMLSchema" xmlns:xsi="http://www.w3.org/2001/XMLSchema-instance">20160426</InstallDate>
    <Vendor xsi:type="xs:string" xmlns:xs="http://www.w3.org/2001/XMLSchema" xmlns:xsi="http://www.w3.org/2001/XMLSchema-instance">HP Inc.</Vendor>
    <Version xsi:type="xs:string" xmlns:xs="http://www.w3.org/2001/XMLSchema" xmlns:xsi="http://www.w3.org/2001/XMLSchema-instance">20.2.1</Version>
  </Table1>
  <Table1>
    <Caption xsi:type="xs:string" xmlns:xs="http://www.w3.org/2001/XMLSchema" xmlns:xsi="http://www.w3.org/2001/XMLSchema-instance">Visual Studio 2012 x64 Redistributables</Caption>
    <Description xsi:type="xs:string" xmlns:xs="http://www.w3.org/2001/XMLSchema" xmlns:xsi="http://www.w3.org/2001/XMLSchema-instance">Visual Studio 2012 x64 Redistributables</Description>
    <IdentifyingNumber xsi:type="xs:string" xmlns:xs="http://www.w3.org/2001/XMLSchema" xmlns:xsi="http://www.w3.org/2001/XMLSchema-instance">{8C775E70-A791-4DA8-BCC3-6AB7136F4484}</IdentifyingNumber>
    <InstallDate xsi:type="xs:string" xmlns:xs="http://www.w3.org/2001/XMLSchema" xmlns:xsi="http://www.w3.org/2001/XMLSchema-instance">20160311</InstallDate>
    <Vendor xsi:type="xs:string" xmlns:xs="http://www.w3.org/2001/XMLSchema" xmlns:xsi="http://www.w3.org/2001/XMLSchema-instance">AVG Technologies</Vendor>
    <Version xsi:type="xs:string" xmlns:xs="http://www.w3.org/2001/XMLSchema" xmlns:xsi="http://www.w3.org/2001/XMLSchema-instance">14.0.0.1</Version>
  </Table1>
  <Table1>
    <Caption xsi:type="xs:string" xmlns:xs="http://www.w3.org/2001/XMLSchema" xmlns:xsi="http://www.w3.org/2001/XMLSchema-instance">Microsoft .NET Framework 4.5</Caption>
    <Description xsi:type="xs:string" xmlns:xs="http://www.w3.org/2001/XMLSchema" xmlns:xsi="http://www.w3.org/2001/XMLSchema-instance">Microsoft .NET Framework 4.5</Description>
    <IdentifyingNumber xsi:type="xs:string" xmlns:xs="http://www.w3.org/2001/XMLSchema" xmlns:xsi="http://www.w3.org/2001/XMLSchema-instance">{1AD147D0-BE0E-3D6C-AC11-64F6DC4163F1}</IdentifyingNumber>
    <InstallDate xsi:type="xs:string" xmlns:xs="http://www.w3.org/2001/XMLSchema" xmlns:xsi="http://www.w3.org/2001/XMLSchema-instance">20160311</InstallDate>
    <Vendor xsi:type="xs:string" xmlns:xs="http://www.w3.org/2001/XMLSchema" xmlns:xsi="http://www.w3.org/2001/XMLSchema-instance">Microsoft Corporation</Vendor>
    <Version xsi:type="xs:string" xmlns:xs="http://www.w3.org/2001/XMLSchema" xmlns:xsi="http://www.w3.org/2001/XMLSchema-instance">4.5.50709</Version>
  </Table1>
  <Table1>
    <Caption xsi:type="xs:string" xmlns:xs="http://www.w3.org/2001/XMLSchema" xmlns:xsi="http://www.w3.org/2001/XMLSchema-instance">Microsoft Visual C++ 2005 Redistributable - x86 8.0.50727.4053 False</Caption>
    <Description xsi:type="xs:string" xmlns:xs="http://www.w3.org/2001/XMLSchema" xmlns:xsi="http://www.w3.org/2001/XMLSchema-instance">Microsoft Visual C++ 2005 Redistributable - x86 8.0.50727.4053 False</Description>
    <IdentifyingNumber xsi:type="xs:string" xmlns:xs="http://www.w3.org/2001/XMLSchema" xmlns:xsi="http://www.w3.org/2001/XMLSchema-instance">{770657D0-A123-3C07-8E44-1C83EC895118}</IdentifyingNumber>
    <InstallDate xsi:type="xs:string" xmlns:xs="http://www.w3.org/2001/XMLSchema" xmlns:xsi="http://www.w3.org/2001/XMLSchema-instance">20161005</InstallDate>
    <Vendor xsi:type="xs:string" xmlns:xs="http://www.w3.org/2001/XMLSchema" xmlns:xsi="http://www.w3.org/2001/XMLSchema-instance">Microsoft Corporation</Vendor>
    <Version xsi:type="xs:string" xmlns:xs="http://www.w3.org/2001/XMLSchema" xmlns:xsi="http://www.w3.org/2001/XMLSchema-instance">8.0.50727.4053</Version>
  </Table1>
  <Table1>
    <Caption xsi:type="xs:string" xmlns:xs="http://www.w3.org/2001/XMLSchema" xmlns:xsi="http://www.w3.org/2001/XMLSchema-instance">Microsoft Visual C++ 2008 Redistributable - x64 9.0.30729.4148 False</Caption>
    <Description xsi:type="xs:string" xmlns:xs="http://www.w3.org/2001/XMLSchema" xmlns:xsi="http://www.w3.org/2001/XMLSchema-instance">Microsoft Visual C++ 2008 Redistributable - x64 9.0.30729.4148 False</Description>
    <IdentifyingNumber xsi:type="xs:string" xmlns:xs="http://www.w3.org/2001/XMLSchema" xmlns:xsi="http://www.w3.org/2001/XMLSchema-instance">{4B6C7001-C7D6-3710-913E-5BC23FCE91E6}</IdentifyingNumber>
    <InstallDate xsi:type="xs:string" xmlns:xs="http://www.w3.org/2001/XMLSchema" xmlns:xsi="http://www.w3.org/2001/XMLSchema-instance">20160504</InstallDate>
    <Vendor xsi:type="xs:string" xmlns:xs="http://www.w3.org/2001/XMLSchema" xmlns:xsi="http://www.w3.org/2001/XMLSchema-instance">Microsoft Corporation</Vendor>
    <Version xsi:type="xs:string" xmlns:xs="http://www.w3.org/2001/XMLSchema" xmlns:xsi="http://www.w3.org/2001/XMLSchema-instance">9.0.30729.4148</Version>
  </Table1>
  <Table1>
    <Caption xsi:type="xs:string" xmlns:xs="http://www.w3.org/2001/XMLSchema" xmlns:xsi="http://www.w3.org/2001/XMLSchema-instance">Microsoft_VC90_CRT_x86</Caption>
    <Description xsi:type="xs:string" xmlns:xs="http://www.w3.org/2001/XMLSchema" xmlns:xsi="http://www.w3.org/2001/XMLSchema-instance">Microsoft_VC90_CRT_x86</Description>
    <IdentifyingNumber xsi:type="xs:string" xmlns:xs="http://www.w3.org/2001/XMLSchema" xmlns:xsi="http://www.w3.org/2001/XMLSchema-instance">{08D2E121-7F6A-43EB-97FD-629B44903403}</IdentifyingNumber>
    <InstallDate xsi:type="xs:string" xmlns:xs="http://www.w3.org/2001/XMLSchema" xmlns:xsi="http://www.w3.org/2001/XMLSchema-instance">20170225</InstallDate>
    <InstallLocation xsi:type="xs:string" xmlns:xs="http://www.w3.org/2001/XMLSchema" xmlns:xsi="http://www.w3.org/2001/XMLSchema-instance">C:\Program Files (x86)\Adobe\My Product Name\</InstallLocation>
    <Vendor xsi:type="xs:string" xmlns:xs="http://www.w3.org/2001/XMLSchema" xmlns:xsi="http://www.w3.org/2001/XMLSchema-instance">Adobe</Vendor>
    <Version xsi:type="xs:string" xmlns:xs="http://www.w3.org/2001/XMLSchema" xmlns:xsi="http://www.w3.org/2001/XMLSchema-instance">1.00.0000</Version>
  </Table1>
  <Table1>
    <Caption xsi:type="xs:string" xmlns:xs="http://www.w3.org/2001/XMLSchema" xmlns:xsi="http://www.w3.org/2001/XMLSchema-instance">Microsoft Visual C++ 2008 Redistributable - x64 9.0.21022.0 False</Caption>
    <Description xsi:type="xs:string" xmlns:xs="http://www.w3.org/2001/XMLSchema" xmlns:xsi="http://www.w3.org/2001/XMLSchema-instance">Microsoft Visual C++ 2008 Redistributable - x64 9.0.21022.0 False</Description>
    <IdentifyingNumber xsi:type="xs:string" xmlns:xs="http://www.w3.org/2001/XMLSchema" xmlns:xsi="http://www.w3.org/2001/XMLSchema-instance">{350AA351-21FA-3270-8B7A-835434E766AD}</IdentifyingNumber>
    <InstallDate xsi:type="xs:string" xmlns:xs="http://www.w3.org/2001/XMLSchema" xmlns:xsi="http://www.w3.org/2001/XMLSchema-instance">20160504</InstallDate>
    <Vendor xsi:type="xs:string" xmlns:xs="http://www.w3.org/2001/XMLSchema" xmlns:xsi="http://www.w3.org/2001/XMLSchema-instance">Microsoft Corporation</Vendor>
    <Version xsi:type="xs:string" xmlns:xs="http://www.w3.org/2001/XMLSchema" xmlns:xsi="http://www.w3.org/2001/XMLSchema-instance">9.0.21022</Version>
  </Table1>
  <Table1>
    <Caption xsi:type="xs:string" xmlns:xs="http://www.w3.org/2001/XMLSchema" xmlns:xsi="http://www.w3.org/2001/XMLSchema-instance">Microsoft Visual C++ 2010 Redistributable - x64 10.0.40219</Caption>
    <Description xsi:type="xs:string" xmlns:xs="http://www.w3.org/2001/XMLSchema" xmlns:xsi="http://www.w3.org/2001/XMLSchema-instance">Microsoft Visual C++ 2010 Redistributable - x64 10.0.40219</Description>
    <IdentifyingNumber xsi:type="xs:string" xmlns:xs="http://www.w3.org/2001/XMLSchema" xmlns:xsi="http://www.w3.org/2001/XMLSchema-instance">{1D8E6291-B0D5-35EC-8441-6616F567A0F7}</IdentifyingNumber>
    <InstallDate xsi:type="xs:string" xmlns:xs="http://www.w3.org/2001/XMLSchema" xmlns:xsi="http://www.w3.org/2001/XMLSchema-instance">20160504</InstallDate>
    <Vendor xsi:type="xs:string" xmlns:xs="http://www.w3.org/2001/XMLSchema" xmlns:xsi="http://www.w3.org/2001/XMLSchema-instance">Microsoft Corporation</Vendor>
    <Version xsi:type="xs:string" xmlns:xs="http://www.w3.org/2001/XMLSchema" xmlns:xsi="http://www.w3.org/2001/XMLSchema-instance">10.0.40219</Version>
  </Table1>
  <Table1>
    <Caption xsi:type="xs:string" xmlns:xs="http://www.w3.org/2001/XMLSchema" xmlns:xsi="http://www.w3.org/2001/XMLSchema-instance">Microsoft Visual C++ 2005 Redistributable - x64 8.0.61000</Caption>
    <Description xsi:type="xs:string" xmlns:xs="http://www.w3.org/2001/XMLSchema" xmlns:xsi="http://www.w3.org/2001/XMLSchema-instance">Microsoft Visual C++ 2005 Redistributable - x64 8.0.61000</Description>
    <IdentifyingNumber xsi:type="xs:string" xmlns:xs="http://www.w3.org/2001/XMLSchema" xmlns:xsi="http://www.w3.org/2001/XMLSchema-instance">{ad8a2fa1-06e7-4b0d-927d-6e54b3d31028}</IdentifyingNumber>
    <InstallDate xsi:type="xs:string" xmlns:xs="http://www.w3.org/2001/XMLSchema" xmlns:xsi="http://www.w3.org/2001/XMLSchema-instance">20160504</InstallDate>
    <Vendor xsi:type="xs:string" xmlns:xs="http://www.w3.org/2001/XMLSchema" xmlns:xsi="http://www.w3.org/2001/XMLSchema-instance">Microsoft Corporation</Vendor>
    <Version xsi:type="xs:string" xmlns:xs="http://www.w3.org/2001/XMLSchema" xmlns:xsi="http://www.w3.org/2001/XMLSchema-instance">8.0.61000</Version>
  </Table1>
  <Table1>
    <Caption xsi:type="xs:string" xmlns:xs="http://www.w3.org/2001/XMLSchema" xmlns:xsi="http://www.w3.org/2001/XMLSchema-instance">Microsoft Visual C++ 2010 Redistributable - x86 10.0.40219</Caption>
    <Description xsi:type="xs:string" xmlns:xs="http://www.w3.org/2001/XMLSchema" xmlns:xsi="http://www.w3.org/2001/XMLSchema-instance">Microsoft Visual C++ 2010 Redistributable - x86 10.0.40219</Description>
    <IdentifyingNumber xsi:type="xs:string" xmlns:xs="http://www.w3.org/2001/XMLSchema" xmlns:xsi="http://www.w3.org/2001/XMLSchema-instance">{F0C3E5D1-1ADE-321E-8167-68EF0DE699A5}</IdentifyingNumber>
    <InstallDate xsi:type="xs:string" xmlns:xs="http://www.w3.org/2001/XMLSchema" xmlns:xsi="http://www.w3.org/2001/XMLSchema-instance">20161005</InstallDate>
    <Vendor xsi:type="xs:string" xmlns:xs="http://www.w3.org/2001/XMLSchema" xmlns:xsi="http://www.w3.org/2001/XMLSchema-instance">Microsoft Corporation</Vendor>
    <Version xsi:type="xs:string" xmlns:xs="http://www.w3.org/2001/XMLSchema" xmlns:xsi="http://www.w3.org/2001/XMLSchema-instance">10.0.40219</Version>
  </Table1>
  <Table1>
    <Caption xsi:type="xs:string" xmlns:xs="http://www.w3.org/2001/XMLSchema" xmlns:xsi="http://www.w3.org/2001/XMLSchema-instance">Microsoft Visual C++ 2008 Redistributable - x64 9.0.21022 False</Caption>
    <Description xsi:type="xs:string" xmlns:xs="http://www.w3.org/2001/XMLSchema" xmlns:xsi="http://www.w3.org/2001/XMLSchema-instance">Microsoft Visual C++ 2008 Redistributable - x64 9.0.21022 False</Description>
    <IdentifyingNumber xsi:type="xs:string" xmlns:xs="http://www.w3.org/2001/XMLSchema" xmlns:xsi="http://www.w3.org/2001/XMLSchema-instance">{D04659D1-EB2D-3DE5-A833-837A623CCCF7}</IdentifyingNumber>
    <InstallDate xsi:type="xs:string" xmlns:xs="http://www.w3.org/2001/XMLSchema" xmlns:xsi="http://www.w3.org/2001/XMLSchema-instance">20160504</InstallDate>
    <Vendor xsi:type="xs:string" xmlns:xs="http://www.w3.org/2001/XMLSchema" xmlns:xsi="http://www.w3.org/2001/XMLSchema-instance">Microsoft Corporation</Vendor>
    <Version xsi:type="xs:string" xmlns:xs="http://www.w3.org/2001/XMLSchema" xmlns:xsi="http://www.w3.org/2001/XMLSchema-instance">9.0.21022</Version>
  </Table1>
  <Table1>
    <Caption xsi:type="xs:string" xmlns:xs="http://www.w3.org/2001/XMLSchema" xmlns:xsi="http://www.w3.org/2001/XMLSchema-instance">Microsoft Visual C++ 2013 x86 Minimum Runtime - 12.0.21005</Caption>
    <Description xsi:type="xs:string" xmlns:xs="http://www.w3.org/2001/XMLSchema" xmlns:xsi="http://www.w3.org/2001/XMLSchema-instance">Microsoft Visual C++ 2013 x86 Minimum Runtime - 12.0.21005</Description>
    <IdentifyingNumber xsi:type="xs:string" xmlns:xs="http://www.w3.org/2001/XMLSchema" xmlns:xsi="http://www.w3.org/2001/XMLSchema-instance">{13A4EE12-23EA-3371-91EE-EFB36DDFFF3E}</IdentifyingNumber>
    <InstallDate xsi:type="xs:string" xmlns:xs="http://www.w3.org/2001/XMLSchema" xmlns:xsi="http://www.w3.org/2001/XMLSchema-instance">20161005</InstallDate>
    <Vendor xsi:type="xs:string" xmlns:xs="http://www.w3.org/2001/XMLSchema" xmlns:xsi="http://www.w3.org/2001/XMLSchema-instance">Microsoft Corporation</Vendor>
    <Version xsi:type="xs:string" xmlns:xs="http://www.w3.org/2001/XMLSchema" xmlns:xsi="http://www.w3.org/2001/XMLSchema-instance">12.0.21005</Version>
  </Table1>
  <Table1>
    <Caption xsi:type="xs:string" xmlns:xs="http://www.w3.org/2001/XMLSchema" xmlns:xsi="http://www.w3.org/2001/XMLSchema-instance">Microsoft Visual C++ 2013 x86 Additional Runtime - 12.0.21005</Caption>
    <Description xsi:type="xs:string" xmlns:xs="http://www.w3.org/2001/XMLSchema" xmlns:xsi="http://www.w3.org/2001/XMLSchema-instance">Microsoft Visual C++ 2013 x86 Additional Runtime - 12.0.21005</Description>
    <IdentifyingNumber xsi:type="xs:string" xmlns:xs="http://www.w3.org/2001/XMLSchema" xmlns:xsi="http://www.w3.org/2001/XMLSchema-instance">{F8CFEB22-A2E7-3971-9EDA-4B11EDEFC185}</IdentifyingNumber>
    <InstallDate xsi:type="xs:string" xmlns:xs="http://www.w3.org/2001/XMLSchema" xmlns:xsi="http://www.w3.org/2001/XMLSchema-instance">20161005</InstallDate>
    <Vendor xsi:type="xs:string" xmlns:xs="http://www.w3.org/2001/XMLSchema" xmlns:xsi="http://www.w3.org/2001/XMLSchema-instance">Microsoft Corporation</Vendor>
    <Version xsi:type="xs:string" xmlns:xs="http://www.w3.org/2001/XMLSchema" xmlns:xsi="http://www.w3.org/2001/XMLSchema-instance">12.0.21005</Version>
  </Table1>
  <Table1>
    <Caption xsi:type="xs:string" xmlns:xs="http://www.w3.org/2001/XMLSchema" xmlns:xsi="http://www.w3.org/2001/XMLSchema-instance">Microsoft Visual C++ 2008 Redistributable - x86 9.0.21022.0 False</Caption>
    <Description xsi:type="xs:string" xmlns:xs="http://www.w3.org/2001/XMLSchema" xmlns:xsi="http://www.w3.org/2001/XMLSchema-instance">Microsoft Visual C++ 2008 Redistributable - x86 9.0.21022.0 False</Description>
    <IdentifyingNumber xsi:type="xs:string" xmlns:xs="http://www.w3.org/2001/XMLSchema" xmlns:xsi="http://www.w3.org/2001/XMLSchema-instance">{DCB46B42-723F-350E-B18A-449BC6C21636}</IdentifyingNumber>
    <InstallDate xsi:type="xs:string" xmlns:xs="http://www.w3.org/2001/XMLSchema" xmlns:xsi="http://www.w3.org/2001/XMLSchema-instance">20161005</InstallDate>
    <Vendor xsi:type="xs:string" xmlns:xs="http://www.w3.org/2001/XMLSchema" xmlns:xsi="http://www.w3.org/2001/XMLSchema-instance">Microsoft Corporation</Vendor>
    <Version xsi:type="xs:string" xmlns:xs="http://www.w3.org/2001/XMLSchema" xmlns:xsi="http://www.w3.org/2001/XMLSchema-instance">9.0.21022</Version>
  </Table1>
  <Table1>
    <Caption xsi:type="xs:string" xmlns:xs="http://www.w3.org/2001/XMLSchema" xmlns:xsi="http://www.w3.org/2001/XMLSchema-instance">Microsoft Visual C++ 2008 Redistributable - x64 9.0.21022.218 False</Caption>
    <Description xsi:type="xs:string" xmlns:xs="http://www.w3.org/2001/XMLSchema" xmlns:xsi="http://www.w3.org/2001/XMLSchema-instance">Microsoft Visual C++ 2008 Redistributable - x64 9.0.21022.218 False</Description>
    <IdentifyingNumber xsi:type="xs:string" xmlns:xs="http://www.w3.org/2001/XMLSchema" xmlns:xsi="http://www.w3.org/2001/XMLSchema-instance">{BBBE35B2-9349-3C48-BD3D-F574B17C7924}</IdentifyingNumber>
    <InstallDate xsi:type="xs:string" xmlns:xs="http://www.w3.org/2001/XMLSchema" xmlns:xsi="http://www.w3.org/2001/XMLSchema-instance">20160504</InstallDate>
    <Vendor xsi:type="xs:string" xmlns:xs="http://www.w3.org/2001/XMLSchema" xmlns:xsi="http://www.w3.org/2001/XMLSchema-instance">Microsoft Corporation</Vendor>
    <Version xsi:type="xs:string" xmlns:xs="http://www.w3.org/2001/XMLSchema" xmlns:xsi="http://www.w3.org/2001/XMLSchema-instance">9.0.21022.218</Version>
  </Table1>
  <Table1>
    <Caption xsi:type="xs:string" xmlns:xs="http://www.w3.org/2001/XMLSchema" xmlns:xsi="http://www.w3.org/2001/XMLSchema-instance">Microsoft Visual C++ 2012 x86 Minimum Runtime - 11.0.50727 False</Caption>
    <Description xsi:type="xs:string" xmlns:xs="http://www.w3.org/2001/XMLSchema" xmlns:xsi="http://www.w3.org/2001/XMLSchema-instance">Microsoft Visual C++ 2012 x86 Minimum Runtime - 11.0.50727 False</Description>
    <IdentifyingNumber xsi:type="xs:string" xmlns:xs="http://www.w3.org/2001/XMLSchema" xmlns:xsi="http://www.w3.org/2001/XMLSchema-instance">{2F73A7B2-E50E-39A6-9ABC-EF89E4C62E36}</IdentifyingNumber>
    <InstallDate xsi:type="xs:string" xmlns:xs="http://www.w3.org/2001/XMLSchema" xmlns:xsi="http://www.w3.org/2001/XMLSchema-instance">20161005</InstallDate>
    <Vendor xsi:type="xs:string" xmlns:xs="http://www.w3.org/2001/XMLSchema" xmlns:xsi="http://www.w3.org/2001/XMLSchema-instance">Microsoft Corporation</Vendor>
    <Version xsi:type="xs:string" xmlns:xs="http://www.w3.org/2001/XMLSchema" xmlns:xsi="http://www.w3.org/2001/XMLSchema-instance">11.0.50727</Version>
  </Table1>
  <Table1>
    <Caption xsi:type="xs:string" xmlns:xs="http://www.w3.org/2001/XMLSchema" xmlns:xsi="http://www.w3.org/2001/XMLSchema-instance">Microsoft Visual C++ 2008 Redistributable - x86 9.0.30729.4048 False</Caption>
    <Description xsi:type="xs:string" xmlns:xs="http://www.w3.org/2001/XMLSchema" xmlns:xsi="http://www.w3.org/2001/XMLSchema-instance">Microsoft Visual C++ 2008 Redistributable - x86 9.0.30729.4048 False</Description>
    <IdentifyingNumber xsi:type="xs:string" xmlns:xs="http://www.w3.org/2001/XMLSchema" xmlns:xsi="http://www.w3.org/2001/XMLSchema-instance">{5B1F2843-B379-3FF2-B0D3-64DD143ED53A}</IdentifyingNumber>
    <InstallDate xsi:type="xs:string" xmlns:xs="http://www.w3.org/2001/XMLSchema" xmlns:xsi="http://www.w3.org/2001/XMLSchema-instance">20161005</InstallDate>
    <Vendor xsi:type="xs:string" xmlns:xs="http://www.w3.org/2001/XMLSchema" xmlns:xsi="http://www.w3.org/2001/XMLSchema-instance">Microsoft Corporation</Vendor>
    <Version xsi:type="xs:string" xmlns:xs="http://www.w3.org/2001/XMLSchema" xmlns:xsi="http://www.w3.org/2001/XMLSchema-instance">9.0.30729.4048</Version>
  </Table1>
  <Table1>
    <Caption xsi:type="xs:string" xmlns:xs="http://www.w3.org/2001/XMLSchema" xmlns:xsi="http://www.w3.org/2001/XMLSchema-instance">Microsoft Visual C++ 2012 x86 Additional Runtime - 11.0.50727 False</Caption>
    <Description xsi:type="xs:string" xmlns:xs="http://www.w3.org/2001/XMLSchema" xmlns:xsi="http://www.w3.org/2001/XMLSchema-instance">Microsoft Visual C++ 2012 x86 Additional Runtime - 11.0.50727 False</Description>
    <IdentifyingNumber xsi:type="xs:string" xmlns:xs="http://www.w3.org/2001/XMLSchema" xmlns:xsi="http://www.w3.org/2001/XMLSchema-instance">{FDB30193-FDA0-3DAA-ACCA-A75EEFE53607}</IdentifyingNumber>
    <InstallDate xsi:type="xs:string" xmlns:xs="http://www.w3.org/2001/XMLSchema" xmlns:xsi="http://www.w3.org/2001/XMLSchema-instance">20161005</InstallDate>
    <Vendor xsi:type="xs:string" xmlns:xs="http://www.w3.org/2001/XMLSchema" xmlns:xsi="http://www.w3.org/2001/XMLSchema-instance">Microsoft Corporation</Vendor>
    <Version xsi:type="xs:string" xmlns:xs="http://www.w3.org/2001/XMLSchema" xmlns:xsi="http://www.w3.org/2001/XMLSchema-instance">11.0.50727</Version>
  </Table1>
  <Table1>
    <Caption xsi:type="xs:string" xmlns:xs="http://www.w3.org/2001/XMLSchema" xmlns:xsi="http://www.w3.org/2001/XMLSchema-instance">Microsoft Visual C++ 2012 x64 Minimum Runtime - 11.0.60610 False</Caption>
    <Description xsi:type="xs:string" xmlns:xs="http://www.w3.org/2001/XMLSchema" xmlns:xsi="http://www.w3.org/2001/XMLSchema-instance">Microsoft Visual C++ 2012 x64 Minimum Runtime - 11.0.60610 False</Description>
    <IdentifyingNumber xsi:type="xs:string" xmlns:xs="http://www.w3.org/2001/XMLSchema" xmlns:xsi="http://www.w3.org/2001/XMLSchema-instance">{2EDC2FA3-1F34-34E5-9085-588C9EFD1CC6}</IdentifyingNumber>
    <InstallDate xsi:type="xs:string" xmlns:xs="http://www.w3.org/2001/XMLSchema" xmlns:xsi="http://www.w3.org/2001/XMLSchema-instance">20160504</InstallDate>
    <Vendor xsi:type="xs:string" xmlns:xs="http://www.w3.org/2001/XMLSchema" xmlns:xsi="http://www.w3.org/2001/XMLSchema-instance">Microsoft Corporation</Vendor>
    <Version xsi:type="xs:string" xmlns:xs="http://www.w3.org/2001/XMLSchema" xmlns:xsi="http://www.w3.org/2001/XMLSchema-instance">11.0.60610</Version>
  </Table1>
  <Table1>
    <Caption xsi:type="xs:string" xmlns:xs="http://www.w3.org/2001/XMLSchema" xmlns:xsi="http://www.w3.org/2001/XMLSchema-instance">Microsoft Visual C++ 2005 Redistributable - x86 8.0.59193 False</Caption>
    <Description xsi:type="xs:string" xmlns:xs="http://www.w3.org/2001/XMLSchema" xmlns:xsi="http://www.w3.org/2001/XMLSchema-instance">Microsoft Visual C++ 2005 Redistributable - x86 8.0.59193 False</Description>
    <IdentifyingNumber xsi:type="xs:string" xmlns:xs="http://www.w3.org/2001/XMLSchema" xmlns:xsi="http://www.w3.org/2001/XMLSchema-instance">{837b34e3-7c30-493c-8f6a-2b0f04e2912c}</IdentifyingNumber>
    <InstallDate xsi:type="xs:string" xmlns:xs="http://www.w3.org/2001/XMLSchema" xmlns:xsi="http://www.w3.org/2001/XMLSchema-instance">20161005</InstallDate>
    <Vendor xsi:type="xs:string" xmlns:xs="http://www.w3.org/2001/XMLSchema" xmlns:xsi="http://www.w3.org/2001/XMLSchema-instance">Microsoft Corporation</Vendor>
    <Version xsi:type="xs:string" xmlns:xs="http://www.w3.org/2001/XMLSchema" xmlns:xsi="http://www.w3.org/2001/XMLSchema-instance">8.0.59193</Version>
  </Table1>
  <Table1>
    <Caption xsi:type="xs:string" xmlns:xs="http://www.w3.org/2001/XMLSchema" xmlns:xsi="http://www.w3.org/2001/XMLSchema-instance">Microsoft Visual C++ 2005 Redistributable - x86 8.0.57103 False</Caption>
    <Description xsi:type="xs:string" xmlns:xs="http://www.w3.org/2001/XMLSchema" xmlns:xsi="http://www.w3.org/2001/XMLSchema-instance">Microsoft Visual C++ 2005 Redistributable - x86 8.0.57103 False</Description>
    <IdentifyingNumber xsi:type="xs:string" xmlns:xs="http://www.w3.org/2001/XMLSchema" xmlns:xsi="http://www.w3.org/2001/XMLSchema-instance">{d8fea624-4f2c-432d-9a54-6eee9cd1a77e}</IdentifyingNumber>
    <InstallDate xsi:type="xs:string" xmlns:xs="http://www.w3.org/2001/XMLSchema" xmlns:xsi="http://www.w3.org/2001/XMLSchema-instance">20161005</InstallDate>
    <Vendor xsi:type="xs:string" xmlns:xs="http://www.w3.org/2001/XMLSchema" xmlns:xsi="http://www.w3.org/2001/XMLSchema-instance">Microsoft Corporation</Vendor>
    <Version xsi:type="xs:string" xmlns:xs="http://www.w3.org/2001/XMLSchema" xmlns:xsi="http://www.w3.org/2001/XMLSchema-instance">8.0.57103</Version>
  </Table1>
  <Table1>
    <Caption xsi:type="xs:string" xmlns:xs="http://www.w3.org/2001/XMLSchema" xmlns:xsi="http://www.w3.org/2001/XMLSchema-instance">Microsoft Visual C++ 2012 x86 Minimum Runtime - 11.0.60610 False</Caption>
    <Description xsi:type="xs:string" xmlns:xs="http://www.w3.org/2001/XMLSchema" xmlns:xsi="http://www.w3.org/2001/XMLSchema-instance">Microsoft Visual C++ 2012 x86 Minimum Runtime - 11.0.60610 False</Description>
    <IdentifyingNumber xsi:type="xs:string" xmlns:xs="http://www.w3.org/2001/XMLSchema" xmlns:xsi="http://www.w3.org/2001/XMLSchema-instance">{E7D4E834-93EB-351F-B8FB-82CDAE623003}</IdentifyingNumber>
    <InstallDate xsi:type="xs:string" xmlns:xs="http://www.w3.org/2001/XMLSchema" xmlns:xsi="http://www.w3.org/2001/XMLSchema-instance">20161005</InstallDate>
    <Vendor xsi:type="xs:string" xmlns:xs="http://www.w3.org/2001/XMLSchema" xmlns:xsi="http://www.w3.org/2001/XMLSchema-instance">Microsoft Corporation</Vendor>
    <Version xsi:type="xs:string" xmlns:xs="http://www.w3.org/2001/XMLSchema" xmlns:xsi="http://www.w3.org/2001/XMLSchema-instance">11.0.60610</Version>
  </Table1>
  <Table1>
    <Caption xsi:type="xs:string" xmlns:xs="http://www.w3.org/2001/XMLSchema" xmlns:xsi="http://www.w3.org/2001/XMLSchema-instance">Microsoft Visual C++ 2015 x86 Minimum Runtime - 14.0.24215</Caption>
    <Description xsi:type="xs:string" xmlns:xs="http://www.w3.org/2001/XMLSchema" xmlns:xsi="http://www.w3.org/2001/XMLSchema-instance">Microsoft Visual C++ 2015 x86 Minimum Runtime - 14.0.24215</Description>
    <IdentifyingNumber xsi:type="xs:string" xmlns:xs="http://www.w3.org/2001/XMLSchema" xmlns:xsi="http://www.w3.org/2001/XMLSchema-instance">{BBF2AC74-720C-3CB3-8291-5E34039232FA}</IdentifyingNumber>
    <InstallDate xsi:type="xs:string" xmlns:xs="http://www.w3.org/2001/XMLSchema" xmlns:xsi="http://www.w3.org/2001/XMLSchema-instance">20170306</InstallDate>
    <Vendor xsi:type="xs:string" xmlns:xs="http://www.w3.org/2001/XMLSchema" xmlns:xsi="http://www.w3.org/2001/XMLSchema-instance">Microsoft Corporation</Vendor>
    <Version xsi:type="xs:string" xmlns:xs="http://www.w3.org/2001/XMLSchema" xmlns:xsi="http://www.w3.org/2001/XMLSchema-instance">14.0.24215</Version>
  </Table1>
  <Table1>
    <Caption xsi:type="xs:string" xmlns:xs="http://www.w3.org/2001/XMLSchema" xmlns:xsi="http://www.w3.org/2001/XMLSchema-instance">Microsoft Visual C++ 2005 Redistributable - x64 8.0.51011 False</Caption>
    <Description xsi:type="xs:string" xmlns:xs="http://www.w3.org/2001/XMLSchema" xmlns:xsi="http://www.w3.org/2001/XMLSchema-instance">Microsoft Visual C++ 2005 Redistributable - x64 8.0.51011 False</Description>
    <IdentifyingNumber xsi:type="xs:string" xmlns:xs="http://www.w3.org/2001/XMLSchema" xmlns:xsi="http://www.w3.org/2001/XMLSchema-instance">{aac9fcc4-dd9e-4add-901c-b5496a07ab2e}</IdentifyingNumber>
    <InstallDate xsi:type="xs:string" xmlns:xs="http://www.w3.org/2001/XMLSchema" xmlns:xsi="http://www.w3.org/2001/XMLSchema-instance">20160504</InstallDate>
    <Vendor xsi:type="xs:string" xmlns:xs="http://www.w3.org/2001/XMLSchema" xmlns:xsi="http://www.w3.org/2001/XMLSchema-instance">Microsoft Corporation</Vendor>
    <Version xsi:type="xs:string" xmlns:xs="http://www.w3.org/2001/XMLSchema" xmlns:xsi="http://www.w3.org/2001/XMLSchema-instance">8.0.51011</Version>
  </Table1>
  <Table1>
    <Caption xsi:type="xs:string" xmlns:xs="http://www.w3.org/2001/XMLSchema" xmlns:xsi="http://www.w3.org/2001/XMLSchema-instance">Microsoft Visual C++ 2012 x64 Additional Runtime - 11.0.51106 False</Caption>
    <Description xsi:type="xs:string" xmlns:xs="http://www.w3.org/2001/XMLSchema" xmlns:xsi="http://www.w3.org/2001/XMLSchema-instance">Microsoft Visual C++ 2012 x64 Additional Runtime - 11.0.51106 False</Description>
    <IdentifyingNumber xsi:type="xs:string" xmlns:xs="http://www.w3.org/2001/XMLSchema" xmlns:xsi="http://www.w3.org/2001/XMLSchema-instance">{3C28BFD4-90C7-3138-87EF-418DC16E9598}</IdentifyingNumber>
    <InstallDate xsi:type="xs:string" xmlns:xs="http://www.w3.org/2001/XMLSchema" xmlns:xsi="http://www.w3.org/2001/XMLSchema-instance">20160504</InstallDate>
    <Vendor xsi:type="xs:string" xmlns:xs="http://www.w3.org/2001/XMLSchema" xmlns:xsi="http://www.w3.org/2001/XMLSchema-instance">Microsoft Corporation</Vendor>
    <Version xsi:type="xs:string" xmlns:xs="http://www.w3.org/2001/XMLSchema" xmlns:xsi="http://www.w3.org/2001/XMLSchema-instance">11.0.51106</Version>
  </Table1>
  <Table1>
    <Caption xsi:type="xs:string" xmlns:xs="http://www.w3.org/2001/XMLSchema" xmlns:xsi="http://www.w3.org/2001/XMLSchema-instance">Redis on Windows</Caption>
    <Description xsi:type="xs:string" xmlns:xs="http://www.w3.org/2001/XMLSchema" xmlns:xsi="http://www.w3.org/2001/XMLSchema-instance">Redis on Windows</Description>
    <IdentifyingNumber xsi:type="xs:string" xmlns:xs="http://www.w3.org/2001/XMLSchema" xmlns:xsi="http://www.w3.org/2001/XMLSchema-instance">{D087DB45-3D8D-42D3-9184-F1B6BD27A140}</IdentifyingNumber>
    <InstallDate xsi:type="xs:string" xmlns:xs="http://www.w3.org/2001/XMLSchema" xmlns:xsi="http://www.w3.org/2001/XMLSchema-instance">20170623</InstallDate>
    <Vendor xsi:type="xs:string" xmlns:xs="http://www.w3.org/2001/XMLSchema" xmlns:xsi="http://www.w3.org/2001/XMLSchema-instance">MSOpenTech</Vendor>
    <Version xsi:type="xs:string" xmlns:xs="http://www.w3.org/2001/XMLSchema" xmlns:xsi="http://www.w3.org/2001/XMLSchema-instance">3.2.100</Version>
  </Table1>
  <Table1>
    <Caption xsi:type="xs:string" xmlns:xs="http://www.w3.org/2001/XMLSchema" xmlns:xsi="http://www.w3.org/2001/XMLSchema-instance">Microsoft Visual C++ 2012 x64 Additional Runtime - 11.0.60610 False</Caption>
    <Description xsi:type="xs:string" xmlns:xs="http://www.w3.org/2001/XMLSchema" xmlns:xsi="http://www.w3.org/2001/XMLSchema-instance">Microsoft Visual C++ 2012 x64 Additional Runtime - 11.0.60610 False</Description>
    <IdentifyingNumber xsi:type="xs:string" xmlns:xs="http://www.w3.org/2001/XMLSchema" xmlns:xsi="http://www.w3.org/2001/XMLSchema-instance">{764384C5-BCA9-307C-9AAC-FD443662686A}</IdentifyingNumber>
    <InstallDate xsi:type="xs:string" xmlns:xs="http://www.w3.org/2001/XMLSchema" xmlns:xsi="http://www.w3.org/2001/XMLSchema-instance">20160504</InstallDate>
    <Vendor xsi:type="xs:string" xmlns:xs="http://www.w3.org/2001/XMLSchema" xmlns:xsi="http://www.w3.org/2001/XMLSchema-instance">Microsoft Corporation</Vendor>
    <Version xsi:type="xs:string" xmlns:xs="http://www.w3.org/2001/XMLSchema" xmlns:xsi="http://www.w3.org/2001/XMLSchema-instance">11.0.60610</Version>
  </Table1>
  <Table1>
    <Caption xsi:type="xs:string" xmlns:xs="http://www.w3.org/2001/XMLSchema" xmlns:xsi="http://www.w3.org/2001/XMLSchema-instance">Microsoft Visual C++ 2008 Redistributable - x64 9.0.30729 False</Caption>
    <Description xsi:type="xs:string" xmlns:xs="http://www.w3.org/2001/XMLSchema" xmlns:xsi="http://www.w3.org/2001/XMLSchema-instance">Microsoft Visual C++ 2008 Redistributable - x64 9.0.30729 False</Description>
    <IdentifyingNumber xsi:type="xs:string" xmlns:xs="http://www.w3.org/2001/XMLSchema" xmlns:xsi="http://www.w3.org/2001/XMLSchema-instance">{2DFD8316-9EF1-3210-908C-4CB61961C1AC}</IdentifyingNumber>
    <InstallDate xsi:type="xs:string" xmlns:xs="http://www.w3.org/2001/XMLSchema" xmlns:xsi="http://www.w3.org/2001/XMLSchema-instance">20160504</InstallDate>
    <Vendor xsi:type="xs:string" xmlns:xs="http://www.w3.org/2001/XMLSchema" xmlns:xsi="http://www.w3.org/2001/XMLSchema-instance">Microsoft Corporation</Vendor>
    <Version xsi:type="xs:string" xmlns:xs="http://www.w3.org/2001/XMLSchema" xmlns:xsi="http://www.w3.org/2001/XMLSchema-instance">9.0.30729</Version>
  </Table1>
  <Table1>
    <Caption xsi:type="xs:string" xmlns:xs="http://www.w3.org/2001/XMLSchema" xmlns:xsi="http://www.w3.org/2001/XMLSchema-instance">HP Support Solutions Framework</Caption>
    <Description xsi:type="xs:string" xmlns:xs="http://www.w3.org/2001/XMLSchema" xmlns:xsi="http://www.w3.org/2001/XMLSchema-instance">HP Support Solutions Framework</Description>
    <IdentifyingNumber xsi:type="xs:string" xmlns:xs="http://www.w3.org/2001/XMLSchema" xmlns:xsi="http://www.w3.org/2001/XMLSchema-instance">{D6D35A46-9B90-4C5A-A27A-B6FDCE9DF89C}</IdentifyingNumber>
    <InstallDate xsi:type="xs:string" xmlns:xs="http://www.w3.org/2001/XMLSchema" xmlns:xsi="http://www.w3.org/2001/XMLSchema-instance">20160311</InstallDate>
    <Vendor xsi:type="xs:string" xmlns:xs="http://www.w3.org/2001/XMLSchema" xmlns:xsi="http://www.w3.org/2001/XMLSchema-instance">HP</Vendor>
    <Version xsi:type="xs:string" xmlns:xs="http://www.w3.org/2001/XMLSchema" xmlns:xsi="http://www.w3.org/2001/XMLSchema-instance">12.0.30.473</Version>
  </Table1>
  <Table1>
    <Caption xsi:type="xs:string" xmlns:xs="http://www.w3.org/2001/XMLSchema" xmlns:xsi="http://www.w3.org/2001/XMLSchema-instance">Microsoft Visual C++ 2008 Redistributable - x64 9.0.30729.6161</Caption>
    <Description xsi:type="xs:string" xmlns:xs="http://www.w3.org/2001/XMLSchema" xmlns:xsi="http://www.w3.org/2001/XMLSchema-instance">Microsoft Visual C++ 2008 Redistributable - x64 9.0.30729.6161</Description>
    <IdentifyingNumber xsi:type="xs:string" xmlns:xs="http://www.w3.org/2001/XMLSchema" xmlns:xsi="http://www.w3.org/2001/XMLSchema-instance">{5FCE6D76-F5DC-37AB-B2B8-22AB8CEDB1D4}</IdentifyingNumber>
    <InstallDate xsi:type="xs:string" xmlns:xs="http://www.w3.org/2001/XMLSchema" xmlns:xsi="http://www.w3.org/2001/XMLSchema-instance">20160504</InstallDate>
    <Vendor xsi:type="xs:string" xmlns:xs="http://www.w3.org/2001/XMLSchema" xmlns:xsi="http://www.w3.org/2001/XMLSchema-instance">Microsoft Corporation</Vendor>
    <Version xsi:type="xs:string" xmlns:xs="http://www.w3.org/2001/XMLSchema" xmlns:xsi="http://www.w3.org/2001/XMLSchema-instance">9.0.30729.6161</Version>
  </Table1>
  <Table1>
    <Caption xsi:type="xs:string" xmlns:xs="http://www.w3.org/2001/XMLSchema" xmlns:xsi="http://www.w3.org/2001/XMLSchema-instance">Microsoft Visual C++ 2012 x86 Additional Runtime - 11.0.51106 False</Caption>
    <Description xsi:type="xs:string" xmlns:xs="http://www.w3.org/2001/XMLSchema" xmlns:xsi="http://www.w3.org/2001/XMLSchema-instance">Microsoft Visual C++ 2012 x86 Additional Runtime - 11.0.51106 False</Description>
    <IdentifyingNumber xsi:type="xs:string" xmlns:xs="http://www.w3.org/2001/XMLSchema" xmlns:xsi="http://www.w3.org/2001/XMLSchema-instance">{6C772996-BFF3-3C8C-860B-B3D48FF05D65}</IdentifyingNumber>
    <InstallDate xsi:type="xs:string" xmlns:xs="http://www.w3.org/2001/XMLSchema" xmlns:xsi="http://www.w3.org/2001/XMLSchema-instance">20161005</InstallDate>
    <Vendor xsi:type="xs:string" xmlns:xs="http://www.w3.org/2001/XMLSchema" xmlns:xsi="http://www.w3.org/2001/XMLSchema-instance">Microsoft Corporation</Vendor>
    <Version xsi:type="xs:string" xmlns:xs="http://www.w3.org/2001/XMLSchema" xmlns:xsi="http://www.w3.org/2001/XMLSchema-instance">11.0.51106</Version>
  </Table1>
  <Table1>
    <Caption xsi:type="xs:string" xmlns:xs="http://www.w3.org/2001/XMLSchema" xmlns:xsi="http://www.w3.org/2001/XMLSchema-instance">Microsoft Visual C++ 2008 Redistributable - x86 9.0.30729.5570 False</Caption>
    <Description xsi:type="xs:string" xmlns:xs="http://www.w3.org/2001/XMLSchema" xmlns:xsi="http://www.w3.org/2001/XMLSchema-instance">Microsoft Visual C++ 2008 Redistributable - x86 9.0.30729.5570 False</Description>
    <IdentifyingNumber xsi:type="xs:string" xmlns:xs="http://www.w3.org/2001/XMLSchema" xmlns:xsi="http://www.w3.org/2001/XMLSchema-instance">{86CE85E6-DBAC-3FFD-B977-E4B79F83C909}</IdentifyingNumber>
    <InstallDate xsi:type="xs:string" xmlns:xs="http://www.w3.org/2001/XMLSchema" xmlns:xsi="http://www.w3.org/2001/XMLSchema-instance">20161005</InstallDate>
    <Vendor xsi:type="xs:string" xmlns:xs="http://www.w3.org/2001/XMLSchema" xmlns:xsi="http://www.w3.org/2001/XMLSchema-instance">Microsoft Corporation</Vendor>
    <Version xsi:type="xs:string" xmlns:xs="http://www.w3.org/2001/XMLSchema" xmlns:xsi="http://www.w3.org/2001/XMLSchema-instance">9.0.30729.5570</Version>
  </Table1>
  <Table1>
    <Caption xsi:type="xs:string" xmlns:xs="http://www.w3.org/2001/XMLSchema" xmlns:xsi="http://www.w3.org/2001/XMLSchema-instance">Microsoft Visual C++ 2008 Redistributable - x86 9.0.30729.6161</Caption>
    <Description xsi:type="xs:string" xmlns:xs="http://www.w3.org/2001/XMLSchema" xmlns:xsi="http://www.w3.org/2001/XMLSchema-instance">Microsoft Visual C++ 2008 Redistributable - x86 9.0.30729.6161</Description>
    <IdentifyingNumber xsi:type="xs:string" xmlns:xs="http://www.w3.org/2001/XMLSchema" xmlns:xsi="http://www.w3.org/2001/XMLSchema-instance">{9BE518E6-ECC6-35A9-88E4-87755C07200F}</IdentifyingNumber>
    <InstallDate xsi:type="xs:string" xmlns:xs="http://www.w3.org/2001/XMLSchema" xmlns:xsi="http://www.w3.org/2001/XMLSchema-instance">20161005</InstallDate>
    <Vendor xsi:type="xs:string" xmlns:xs="http://www.w3.org/2001/XMLSchema" xmlns:xsi="http://www.w3.org/2001/XMLSchema-instance">Microsoft Corporation</Vendor>
    <Version xsi:type="xs:string" xmlns:xs="http://www.w3.org/2001/XMLSchema" xmlns:xsi="http://www.w3.org/2001/XMLSchema-instance">9.0.30729.6161</Version>
  </Table1>
  <Table1>
    <Caption xsi:type="xs:string" xmlns:xs="http://www.w3.org/2001/XMLSchema" xmlns:xsi="http://www.w3.org/2001/XMLSchema-instance">Microsoft Visual C++ 2008 Redistributable - x86 9.0.21022 False</Caption>
    <Description xsi:type="xs:string" xmlns:xs="http://www.w3.org/2001/XMLSchema" xmlns:xsi="http://www.w3.org/2001/XMLSchema-instance">Microsoft Visual C++ 2008 Redistributable - x86 9.0.21022 False</Description>
    <IdentifyingNumber xsi:type="xs:string" xmlns:xs="http://www.w3.org/2001/XMLSchema" xmlns:xsi="http://www.w3.org/2001/XMLSchema-instance">{FF66E9F6-83E7-3A3E-AF14-8DE9A809A6A4}</IdentifyingNumber>
    <InstallDate xsi:type="xs:string" xmlns:xs="http://www.w3.org/2001/XMLSchema" xmlns:xsi="http://www.w3.org/2001/XMLSchema-instance">20161005</InstallDate>
    <Vendor xsi:type="xs:string" xmlns:xs="http://www.w3.org/2001/XMLSchema" xmlns:xsi="http://www.w3.org/2001/XMLSchema-instance">Microsoft Corporation</Vendor>
    <Version xsi:type="xs:string" xmlns:xs="http://www.w3.org/2001/XMLSchema" xmlns:xsi="http://www.w3.org/2001/XMLSchema-instance">9.0.21022</Version>
  </Table1>
  <Table1>
    <Caption xsi:type="xs:string" xmlns:xs="http://www.w3.org/2001/XMLSchema" xmlns:xsi="http://www.w3.org/2001/XMLSchema-instance">PDF Settings CS6</Caption>
    <Description xsi:type="xs:string" xmlns:xs="http://www.w3.org/2001/XMLSchema" xmlns:xsi="http://www.w3.org/2001/XMLSchema-instance">PDF Settings CS6</Description>
    <IdentifyingNumber xsi:type="xs:string" xmlns:xs="http://www.w3.org/2001/XMLSchema" xmlns:xsi="http://www.w3.org/2001/XMLSchema-instance">{BFEAAE77-BD7F-4534-B286-9C5CB4697EB1}</IdentifyingNumber>
    <InstallDate xsi:type="xs:string" xmlns:xs="http://www.w3.org/2001/XMLSchema" xmlns:xsi="http://www.w3.org/2001/XMLSchema-instance">20170225</InstallDate>
    <Vendor xsi:type="xs:string" xmlns:xs="http://www.w3.org/2001/XMLSchema" xmlns:xsi="http://www.w3.org/2001/XMLSchema-instance">Adobe Systems Incorporated</Vendor>
    <Version xsi:type="xs:string" xmlns:xs="http://www.w3.org/2001/XMLSchema" xmlns:xsi="http://www.w3.org/2001/XMLSchema-instance">11.0</Version>
  </Table1>
  <Table1>
    <Caption xsi:type="xs:string" xmlns:xs="http://www.w3.org/2001/XMLSchema" xmlns:xsi="http://www.w3.org/2001/XMLSchema-instance">Microsoft Visual C++ 2005 Redistributable - x64 8.0.58298 False</Caption>
    <Description xsi:type="xs:string" xmlns:xs="http://www.w3.org/2001/XMLSchema" xmlns:xsi="http://www.w3.org/2001/XMLSchema-instance">Microsoft Visual C++ 2005 Redistributable - x64 8.0.58298 False</Description>
    <IdentifyingNumber xsi:type="xs:string" xmlns:xs="http://www.w3.org/2001/XMLSchema" xmlns:xsi="http://www.w3.org/2001/XMLSchema-instance">{f45b48a7-f616-4211-b927-17cab6a96613}</IdentifyingNumber>
    <InstallDate xsi:type="xs:string" xmlns:xs="http://www.w3.org/2001/XMLSchema" xmlns:xsi="http://www.w3.org/2001/XMLSchema-instance">20160504</InstallDate>
    <Vendor xsi:type="xs:string" xmlns:xs="http://www.w3.org/2001/XMLSchema" xmlns:xsi="http://www.w3.org/2001/XMLSchema-instance">Microsoft Corporation</Vendor>
    <Version xsi:type="xs:string" xmlns:xs="http://www.w3.org/2001/XMLSchema" xmlns:xsi="http://www.w3.org/2001/XMLSchema-instance">8.0.58298</Version>
  </Table1>
  <Table1>
    <Caption xsi:type="xs:string" xmlns:xs="http://www.w3.org/2001/XMLSchema" xmlns:xsi="http://www.w3.org/2001/XMLSchema-instance">Microsoft Visual C++ 2012 x64 Additional Runtime - 11.0.61030</Caption>
    <Description xsi:type="xs:string" xmlns:xs="http://www.w3.org/2001/XMLSchema" xmlns:xsi="http://www.w3.org/2001/XMLSchema-instance">Microsoft Visual C++ 2012 x64 Additional Runtime - 11.0.61030</Description>
    <IdentifyingNumber xsi:type="xs:string" xmlns:xs="http://www.w3.org/2001/XMLSchema" xmlns:xsi="http://www.w3.org/2001/XMLSchema-instance">{37B8F9C7-03FB-3253-8781-2517C99D7C00}</IdentifyingNumber>
    <InstallDate xsi:type="xs:string" xmlns:xs="http://www.w3.org/2001/XMLSchema" xmlns:xsi="http://www.w3.org/2001/XMLSchema-instance">20160504</InstallDate>
    <Vendor xsi:type="xs:string" xmlns:xs="http://www.w3.org/2001/XMLSchema" xmlns:xsi="http://www.w3.org/2001/XMLSchema-instance">Microsoft Corporation</Vendor>
    <Version xsi:type="xs:string" xmlns:xs="http://www.w3.org/2001/XMLSchema" xmlns:xsi="http://www.w3.org/2001/XMLSchema-instance">11.0.61030</Version>
  </Table1>
  <Table1>
    <Caption xsi:type="xs:string" xmlns:xs="http://www.w3.org/2001/XMLSchema" xmlns:xsi="http://www.w3.org/2001/XMLSchema-instance">AVG</Caption>
    <Description xsi:type="xs:string" xmlns:xs="http://www.w3.org/2001/XMLSchema" xmlns:xsi="http://www.w3.org/2001/XMLSchema-instance">AVG</Description>
    <IdentifyingNumber xsi:type="xs:string" xmlns:xs="http://www.w3.org/2001/XMLSchema" xmlns:xsi="http://www.w3.org/2001/XMLSchema-instance">{434FBA38-0562-4F98-9436-4B45C0C0EF0B}</IdentifyingNumber>
    <InstallDate xsi:type="xs:string" xmlns:xs="http://www.w3.org/2001/XMLSchema" xmlns:xsi="http://www.w3.org/2001/XMLSchema-instance">20170717</InstallDate>
    <Vendor xsi:type="xs:string" xmlns:xs="http://www.w3.org/2001/XMLSchema" xmlns:xsi="http://www.w3.org/2001/XMLSchema-instance">AVG Technologies</Vendor>
    <Version xsi:type="xs:string" xmlns:xs="http://www.w3.org/2001/XMLSchema" xmlns:xsi="http://www.w3.org/2001/XMLSchema-instance">1.201.2</Version>
  </Table1>
  <Table1>
    <Caption xsi:type="xs:string" xmlns:xs="http://www.w3.org/2001/XMLSchema" xmlns:xsi="http://www.w3.org/2001/XMLSchema-instance">Microsoft Visual C++ 2005 Redistributable - x64 8.0.56336 False</Caption>
    <Description xsi:type="xs:string" xmlns:xs="http://www.w3.org/2001/XMLSchema" xmlns:xsi="http://www.w3.org/2001/XMLSchema-instance">Microsoft Visual C++ 2005 Redistributable - x64 8.0.56336 False</Description>
    <IdentifyingNumber xsi:type="xs:string" xmlns:xs="http://www.w3.org/2001/XMLSchema" xmlns:xsi="http://www.w3.org/2001/XMLSchema-instance">{071c9b48-7c32-4621-a0ac-3f809523288f}</IdentifyingNumber>
    <InstallDate xsi:type="xs:string" xmlns:xs="http://www.w3.org/2001/XMLSchema" xmlns:xsi="http://www.w3.org/2001/XMLSchema-instance">20160504</InstallDate>
    <Vendor xsi:type="xs:string" xmlns:xs="http://www.w3.org/2001/XMLSchema" xmlns:xsi="http://www.w3.org/2001/XMLSchema-instance">Microsoft Corporation</Vendor>
    <Version xsi:type="xs:string" xmlns:xs="http://www.w3.org/2001/XMLSchema" xmlns:xsi="http://www.w3.org/2001/XMLSchema-instance">8.0.56336</Version>
  </Table1>
  <Table1>
    <Caption xsi:type="xs:string" xmlns:xs="http://www.w3.org/2001/XMLSchema" xmlns:xsi="http://www.w3.org/2001/XMLSchema-instance">Microsoft Visual C++ 2012 x86 Additional Runtime - 11.0.60610 False</Caption>
    <Description xsi:type="xs:string" xmlns:xs="http://www.w3.org/2001/XMLSchema" xmlns:xsi="http://www.w3.org/2001/XMLSchema-instance">Microsoft Visual C++ 2012 x86 Additional Runtime - 11.0.60610 False</Description>
    <IdentifyingNumber xsi:type="xs:string" xmlns:xs="http://www.w3.org/2001/XMLSchema" xmlns:xsi="http://www.w3.org/2001/XMLSchema-instance">{3D6AD258-61EA-35F5-812C-B7A02152996E}</IdentifyingNumber>
    <InstallDate xsi:type="xs:string" xmlns:xs="http://www.w3.org/2001/XMLSchema" xmlns:xsi="http://www.w3.org/2001/XMLSchema-instance">20161005</InstallDate>
    <Vendor xsi:type="xs:string" xmlns:xs="http://www.w3.org/2001/XMLSchema" xmlns:xsi="http://www.w3.org/2001/XMLSchema-instance">Microsoft Corporation</Vendor>
    <Version xsi:type="xs:string" xmlns:xs="http://www.w3.org/2001/XMLSchema" xmlns:xsi="http://www.w3.org/2001/XMLSchema-instance">11.0.60610</Version>
  </Table1>
  <Table1>
    <Caption xsi:type="xs:string" xmlns:xs="http://www.w3.org/2001/XMLSchema" xmlns:xsi="http://www.w3.org/2001/XMLSchema-instance">Node.js</Caption>
    <Description xsi:type="xs:string" xmlns:xs="http://www.w3.org/2001/XMLSchema" xmlns:xsi="http://www.w3.org/2001/XMLSchema-instance">Node.js</Description>
    <IdentifyingNumber xsi:type="xs:string" xmlns:xs="http://www.w3.org/2001/XMLSchema" xmlns:xsi="http://www.w3.org/2001/XMLSchema-instance">{4F1DFC88-F671-4DD8-9DE1-36CDB5A4B9B8}</IdentifyingNumber>
    <InstallDate xsi:type="xs:string" xmlns:xs="http://www.w3.org/2001/XMLSchema" xmlns:xsi="http://www.w3.org/2001/XMLSchema-instance">20170214</InstallDate>
    <Vendor xsi:type="xs:string" xmlns:xs="http://www.w3.org/2001/XMLSchema" xmlns:xsi="http://www.w3.org/2001/XMLSchema-instance">Node.js Foundation</Vendor>
    <Version xsi:type="xs:string" xmlns:xs="http://www.w3.org/2001/XMLSchema" xmlns:xsi="http://www.w3.org/2001/XMLSchema-instance">6.9.5</Version>
  </Table1>
  <Table1>
    <Caption xsi:type="xs:string" xmlns:xs="http://www.w3.org/2001/XMLSchema" xmlns:xsi="http://www.w3.org/2001/XMLSchema-instance">Microsoft Visual C++ 2008 Redistributable - x64 9.0.30411 False</Caption>
    <Description xsi:type="xs:string" xmlns:xs="http://www.w3.org/2001/XMLSchema" xmlns:xsi="http://www.w3.org/2001/XMLSchema-instance">Microsoft Visual C++ 2008 Redistributable - x64 9.0.30411 False</Description>
    <IdentifyingNumber xsi:type="xs:string" xmlns:xs="http://www.w3.org/2001/XMLSchema" xmlns:xsi="http://www.w3.org/2001/XMLSchema-instance">{D93AC9C8-B6CF-391E-BD2F-48AF4727476C}</IdentifyingNumber>
    <InstallDate xsi:type="xs:string" xmlns:xs="http://www.w3.org/2001/XMLSchema" xmlns:xsi="http://www.w3.org/2001/XMLSchema-instance">20160504</InstallDate>
    <Vendor xsi:type="xs:string" xmlns:xs="http://www.w3.org/2001/XMLSchema" xmlns:xsi="http://www.w3.org/2001/XMLSchema-instance">Microsoft Corporation</Vendor>
    <Version xsi:type="xs:string" xmlns:xs="http://www.w3.org/2001/XMLSchema" xmlns:xsi="http://www.w3.org/2001/XMLSchema-instance">9.0.30411</Version>
  </Table1>
  <Table1>
    <Caption xsi:type="xs:string" xmlns:xs="http://www.w3.org/2001/XMLSchema" xmlns:xsi="http://www.w3.org/2001/XMLSchema-instance">Microsoft Visual C++ 2005 Redistributable - x64 8.0.50727.42 False</Caption>
    <Description xsi:type="xs:string" xmlns:xs="http://www.w3.org/2001/XMLSchema" xmlns:xsi="http://www.w3.org/2001/XMLSchema-instance">Microsoft Visual C++ 2005 Redistributable - x64 8.0.50727.42 False</Description>
    <IdentifyingNumber xsi:type="xs:string" xmlns:xs="http://www.w3.org/2001/XMLSchema" xmlns:xsi="http://www.w3.org/2001/XMLSchema-instance">{6E8E85E8-CE4B-4FF5-91F7-04999C9FAE6A}</IdentifyingNumber>
    <InstallDate xsi:type="xs:string" xmlns:xs="http://www.w3.org/2001/XMLSchema" xmlns:xsi="http://www.w3.org/2001/XMLSchema-instance">20160504</InstallDate>
    <Vendor xsi:type="xs:string" xmlns:xs="http://www.w3.org/2001/XMLSchema" xmlns:xsi="http://www.w3.org/2001/XMLSchema-instance">Microsoft Corporation</Vendor>
    <Version xsi:type="xs:string" xmlns:xs="http://www.w3.org/2001/XMLSchema" xmlns:xsi="http://www.w3.org/2001/XMLSchema-instance">8.0.50727.42</Version>
  </Table1>
  <Table1>
    <Caption xsi:type="xs:string" xmlns:xs="http://www.w3.org/2001/XMLSchema" xmlns:xsi="http://www.w3.org/2001/XMLSchema-instance">Microsoft_VC80_CRT_x86</Caption>
    <Description xsi:type="xs:string" xmlns:xs="http://www.w3.org/2001/XMLSchema" xmlns:xsi="http://www.w3.org/2001/XMLSchema-instance">Microsoft_VC80_CRT_x86</Description>
    <IdentifyingNumber xsi:type="xs:string" xmlns:xs="http://www.w3.org/2001/XMLSchema" xmlns:xsi="http://www.w3.org/2001/XMLSchema-instance">{92D58719-BBC1-4CC3-A08B-56C9E884CC2C}</IdentifyingNumber>
    <InstallDate xsi:type="xs:string" xmlns:xs="http://www.w3.org/2001/XMLSchema" xmlns:xsi="http://www.w3.org/2001/XMLSchema-instance">20170225</InstallDate>
    <InstallLocation xsi:type="xs:string" xmlns:xs="http://www.w3.org/2001/XMLSchema" xmlns:xsi="http://www.w3.org/2001/XMLSchema-instance">C:\Program Files (x86)\Adobe\My Product Name\</InstallLocation>
    <Vendor xsi:type="xs:string" xmlns:xs="http://www.w3.org/2001/XMLSchema" xmlns:xsi="http://www.w3.org/2001/XMLSchema-instance">Adobe</Vendor>
    <Version xsi:type="xs:string" xmlns:xs="http://www.w3.org/2001/XMLSchema" xmlns:xsi="http://www.w3.org/2001/XMLSchema-instance">8.0.50727.4053</Version>
  </Table1>
  <Table1>
    <Caption xsi:type="xs:string" xmlns:xs="http://www.w3.org/2001/XMLSchema" xmlns:xsi="http://www.w3.org/2001/XMLSchema-instance">Microsoft Visual C++ 2008 Redistributable - x64 9.0.30729.4048 False</Caption>
    <Description xsi:type="xs:string" xmlns:xs="http://www.w3.org/2001/XMLSchema" xmlns:xsi="http://www.w3.org/2001/XMLSchema-instance">Microsoft Visual C++ 2008 Redistributable - x64 9.0.30729.4048 False</Description>
    <IdentifyingNumber xsi:type="xs:string" xmlns:xs="http://www.w3.org/2001/XMLSchema" xmlns:xsi="http://www.w3.org/2001/XMLSchema-instance">{91415F19-4C22-3609-A105-92ED3522D83C}</IdentifyingNumber>
    <InstallDate xsi:type="xs:string" xmlns:xs="http://www.w3.org/2001/XMLSchema" xmlns:xsi="http://www.w3.org/2001/XMLSchema-instance">20160504</InstallDate>
    <Vendor xsi:type="xs:string" xmlns:xs="http://www.w3.org/2001/XMLSchema" xmlns:xsi="http://www.w3.org/2001/XMLSchema-instance">Microsoft Corporation</Vendor>
    <Version xsi:type="xs:string" xmlns:xs="http://www.w3.org/2001/XMLSchema" xmlns:xsi="http://www.w3.org/2001/XMLSchema-instance">9.0.30729.4048</Version>
  </Table1>
  <Table1>
    <Caption xsi:type="xs:string" xmlns:xs="http://www.w3.org/2001/XMLSchema" xmlns:xsi="http://www.w3.org/2001/XMLSchema-instance">FMW 1</Caption>
    <Description xsi:type="xs:string" xmlns:xs="http://www.w3.org/2001/XMLSchema" xmlns:xsi="http://www.w3.org/2001/XMLSchema-instance">FMW 1</Description>
    <IdentifyingNumber xsi:type="xs:string" xmlns:xs="http://www.w3.org/2001/XMLSchema" xmlns:xsi="http://www.w3.org/2001/XMLSchema-instance">{8DF0D8D9-0C24-47EB-9738-376DD2705133}</IdentifyingNumber>
    <InstallDate xsi:type="xs:string" xmlns:xs="http://www.w3.org/2001/XMLSchema" xmlns:xsi="http://www.w3.org/2001/XMLSchema-instance">20170705</InstallDate>
    <Vendor xsi:type="xs:string" xmlns:xs="http://www.w3.org/2001/XMLSchema" xmlns:xsi="http://www.w3.org/2001/XMLSchema-instance">AVG Technologies</Vendor>
    <Version xsi:type="xs:string" xmlns:xs="http://www.w3.org/2001/XMLSchema" xmlns:xsi="http://www.w3.org/2001/XMLSchema-instance">1.214.2</Version>
  </Table1>
  <Table1>
    <Caption xsi:type="xs:string" xmlns:xs="http://www.w3.org/2001/XMLSchema" xmlns:xsi="http://www.w3.org/2001/XMLSchema-instance">Microsoft Visual C++ 2005 Redistributable - x64 8.0.59192 False</Caption>
    <Description xsi:type="xs:string" xmlns:xs="http://www.w3.org/2001/XMLSchema" xmlns:xsi="http://www.w3.org/2001/XMLSchema-instance">Microsoft Visual C++ 2005 Redistributable - x64 8.0.59192 False</Description>
    <IdentifyingNumber xsi:type="xs:string" xmlns:xs="http://www.w3.org/2001/XMLSchema" xmlns:xsi="http://www.w3.org/2001/XMLSchema-instance">{6ce5bae9-d3ca-4b99-891a-1dc6c118a5fc}</IdentifyingNumber>
    <InstallDate xsi:type="xs:string" xmlns:xs="http://www.w3.org/2001/XMLSchema" xmlns:xsi="http://www.w3.org/2001/XMLSchema-instance">20160504</InstallDate>
    <Vendor xsi:type="xs:string" xmlns:xs="http://www.w3.org/2001/XMLSchema" xmlns:xsi="http://www.w3.org/2001/XMLSchema-instance">Microsoft Corporation</Vendor>
    <Version xsi:type="xs:string" xmlns:xs="http://www.w3.org/2001/XMLSchema" xmlns:xsi="http://www.w3.org/2001/XMLSchema-instance">8.0.59192</Version>
  </Table1>
  <Table1>
    <Caption xsi:type="xs:string" xmlns:xs="http://www.w3.org/2001/XMLSchema" xmlns:xsi="http://www.w3.org/2001/XMLSchema-instance">Google Update Helper</Caption>
    <Description xsi:type="xs:string" xmlns:xs="http://www.w3.org/2001/XMLSchema" xmlns:xsi="http://www.w3.org/2001/XMLSchema-instance">Google Update Helper</Description>
    <IdentifyingNumber xsi:type="xs:string" xmlns:xs="http://www.w3.org/2001/XMLSchema" xmlns:xsi="http://www.w3.org/2001/XMLSchema-instance">{60EC980A-BDA2-4CB6-A427-B07A5498B4CA}</IdentifyingNumber>
    <InstallDate xsi:type="xs:string" xmlns:xs="http://www.w3.org/2001/XMLSchema" xmlns:xsi="http://www.w3.org/2001/XMLSchema-instance">20170429</InstallDate>
    <Vendor xsi:type="xs:string" xmlns:xs="http://www.w3.org/2001/XMLSchema" xmlns:xsi="http://www.w3.org/2001/XMLSchema-instance">Google Inc.</Vendor>
    <Version xsi:type="xs:string" xmlns:xs="http://www.w3.org/2001/XMLSchema" xmlns:xsi="http://www.w3.org/2001/XMLSchema-instance">1.3.33.5</Version>
  </Table1>
  <Table1>
    <Caption xsi:type="xs:string" xmlns:xs="http://www.w3.org/2001/XMLSchema" xmlns:xsi="http://www.w3.org/2001/XMLSchema-instance">Microsoft Visual C++ 2008 Redistributable - x64 9.0.30729.5570 False</Caption>
    <Description xsi:type="xs:string" xmlns:xs="http://www.w3.org/2001/XMLSchema" xmlns:xsi="http://www.w3.org/2001/XMLSchema-instance">Microsoft Visual C++ 2008 Redistributable - x64 9.0.30729.5570 False</Description>
    <IdentifyingNumber xsi:type="xs:string" xmlns:xs="http://www.w3.org/2001/XMLSchema" xmlns:xsi="http://www.w3.org/2001/XMLSchema-instance">{8338783A-0968-3B85-AFC7-BAAE0A63DC50}</IdentifyingNumber>
    <InstallDate xsi:type="xs:string" xmlns:xs="http://www.w3.org/2001/XMLSchema" xmlns:xsi="http://www.w3.org/2001/XMLSchema-instance">20160504</InstallDate>
    <Vendor xsi:type="xs:string" xmlns:xs="http://www.w3.org/2001/XMLSchema" xmlns:xsi="http://www.w3.org/2001/XMLSchema-instance">Microsoft Corporation</Vendor>
    <Version xsi:type="xs:string" xmlns:xs="http://www.w3.org/2001/XMLSchema" xmlns:xsi="http://www.w3.org/2001/XMLSchema-instance">9.0.30729.5570</Version>
  </Table1>
  <Table1>
    <Caption xsi:type="xs:string" xmlns:xs="http://www.w3.org/2001/XMLSchema" xmlns:xsi="http://www.w3.org/2001/XMLSchema-instance">Skype™ 7.37</Caption>
    <Description xsi:type="xs:string" xmlns:xs="http://www.w3.org/2001/XMLSchema" xmlns:xsi="http://www.w3.org/2001/XMLSchema-instance">Skype™ 7.37</Description>
    <IdentifyingNumber xsi:type="xs:string" xmlns:xs="http://www.w3.org/2001/XMLSchema" xmlns:xsi="http://www.w3.org/2001/XMLSchema-instance">{3B7E914A-93D5-4A29-92BB-AF8C3F66C431}</IdentifyingNumber>
    <InstallDate xsi:type="xs:string" xmlns:xs="http://www.w3.org/2001/XMLSchema" xmlns:xsi="http://www.w3.org/2001/XMLSchema-instance">20170703</InstallDate>
    <InstallLocation xsi:type="xs:string" xmlns:xs="http://www.w3.org/2001/XMLSchema" xmlns:xsi="http://www.w3.org/2001/XMLSchema-instance">C:\Program Files (x86)\Skype\</InstallLocation>
    <Vendor xsi:type="xs:string" xmlns:xs="http://www.w3.org/2001/XMLSchema" xmlns:xsi="http://www.w3.org/2001/XMLSchema-instance">Skype Technologies S.A.</Vendor>
    <Version xsi:type="xs:string" xmlns:xs="http://www.w3.org/2001/XMLSchema" xmlns:xsi="http://www.w3.org/2001/XMLSchema-instance">7.37.103</Version>
  </Table1>
  <Table1>
    <Caption xsi:type="xs:string" xmlns:xs="http://www.w3.org/2001/XMLSchema" xmlns:xsi="http://www.w3.org/2001/XMLSchema-instance">Microsoft Visual C++ 2005 Redistributable - x86 8.0.58299 False</Caption>
    <Description xsi:type="xs:string" xmlns:xs="http://www.w3.org/2001/XMLSchema" xmlns:xsi="http://www.w3.org/2001/XMLSchema-instance">Microsoft Visual C++ 2005 Redistributable - x86 8.0.58299 False</Description>
    <IdentifyingNumber xsi:type="xs:string" xmlns:xs="http://www.w3.org/2001/XMLSchema" xmlns:xsi="http://www.w3.org/2001/XMLSchema-instance">{052bac4a-6f79-46d4-a024-1ce1b4f73cd4}</IdentifyingNumber>
    <InstallDate xsi:type="xs:string" xmlns:xs="http://www.w3.org/2001/XMLSchema" xmlns:xsi="http://www.w3.org/2001/XMLSchema-instance">20161005</InstallDate>
    <Vendor xsi:type="xs:string" xmlns:xs="http://www.w3.org/2001/XMLSchema" xmlns:xsi="http://www.w3.org/2001/XMLSchema-instance">Microsoft Corporation</Vendor>
    <Version xsi:type="xs:string" xmlns:xs="http://www.w3.org/2001/XMLSchema" xmlns:xsi="http://www.w3.org/2001/XMLSchema-instance">8.0.58299</Version>
  </Table1>
  <Table1>
    <Caption xsi:type="xs:string" xmlns:xs="http://www.w3.org/2001/XMLSchema" xmlns:xsi="http://www.w3.org/2001/XMLSchema-instance">Visual Studio 2012 x86 Redistributables</Caption>
    <Description xsi:type="xs:string" xmlns:xs="http://www.w3.org/2001/XMLSchema" xmlns:xsi="http://www.w3.org/2001/XMLSchema-instance">Visual Studio 2012 x86 Redistributables</Description>
    <IdentifyingNumber xsi:type="xs:string" xmlns:xs="http://www.w3.org/2001/XMLSchema" xmlns:xsi="http://www.w3.org/2001/XMLSchema-instance">{98EFF19A-30AB-4E4B-B943-F06B1C63EBF8}</IdentifyingNumber>
    <InstallDate xsi:type="xs:string" xmlns:xs="http://www.w3.org/2001/XMLSchema" xmlns:xsi="http://www.w3.org/2001/XMLSchema-instance">20160311</InstallDate>
    <Vendor xsi:type="xs:string" xmlns:xs="http://www.w3.org/2001/XMLSchema" xmlns:xsi="http://www.w3.org/2001/XMLSchema-instance">AVG Technologies CZ, s.r.o.</Vendor>
    <Version xsi:type="xs:string" xmlns:xs="http://www.w3.org/2001/XMLSchema" xmlns:xsi="http://www.w3.org/2001/XMLSchema-instance">14.0.0.1</Version>
  </Table1>
  <Table1>
    <Caption xsi:type="xs:string" xmlns:xs="http://www.w3.org/2001/XMLSchema" xmlns:xsi="http://www.w3.org/2001/XMLSchema-instance">Microsoft Visual C++ 2005 Redistributable - x86 8.0.56336 False</Caption>
    <Description xsi:type="xs:string" xmlns:xs="http://www.w3.org/2001/XMLSchema" xmlns:xsi="http://www.w3.org/2001/XMLSchema-instance">Microsoft Visual C++ 2005 Redistributable - x86 8.0.56336 False</Description>
    <IdentifyingNumber xsi:type="xs:string" xmlns:xs="http://www.w3.org/2001/XMLSchema" xmlns:xsi="http://www.w3.org/2001/XMLSchema-instance">{7299052b-02a4-4627-81f2-1818da5d550d}</IdentifyingNumber>
    <InstallDate xsi:type="xs:string" xmlns:xs="http://www.w3.org/2001/XMLSchema" xmlns:xsi="http://www.w3.org/2001/XMLSchema-instance">20161005</InstallDate>
    <Vendor xsi:type="xs:string" xmlns:xs="http://www.w3.org/2001/XMLSchema" xmlns:xsi="http://www.w3.org/2001/XMLSchema-instance">Microsoft Corporation</Vendor>
    <Version xsi:type="xs:string" xmlns:xs="http://www.w3.org/2001/XMLSchema" xmlns:xsi="http://www.w3.org/2001/XMLSchema-instance">8.0.56336</Version>
  </Table1>
  <Table1>
    <Caption xsi:type="xs:string" xmlns:xs="http://www.w3.org/2001/XMLSchema" xmlns:xsi="http://www.w3.org/2001/XMLSchema-instance">Microsoft Visual C++ 2008 Redistributable - x86 9.0.30729 False</Caption>
    <Description xsi:type="xs:string" xmlns:xs="http://www.w3.org/2001/XMLSchema" xmlns:xsi="http://www.w3.org/2001/XMLSchema-instance">Microsoft Visual C++ 2008 Redistributable - x86 9.0.30729 False</Description>
    <IdentifyingNumber xsi:type="xs:string" xmlns:xs="http://www.w3.org/2001/XMLSchema" xmlns:xsi="http://www.w3.org/2001/XMLSchema-instance">{3C3D696B-0DB7-3C6D-A356-3DB8CE541918}</IdentifyingNumber>
    <InstallDate xsi:type="xs:string" xmlns:xs="http://www.w3.org/2001/XMLSchema" xmlns:xsi="http://www.w3.org/2001/XMLSchema-instance">20161005</InstallDate>
    <Vendor xsi:type="xs:string" xmlns:xs="http://www.w3.org/2001/XMLSchema" xmlns:xsi="http://www.w3.org/2001/XMLSchema-instance">Microsoft Corporation</Vendor>
    <Version xsi:type="xs:string" xmlns:xs="http://www.w3.org/2001/XMLSchema" xmlns:xsi="http://www.w3.org/2001/XMLSchema-instance">9.0.30729</Version>
  </Table1>
  <Table1>
    <Caption xsi:type="xs:string" xmlns:xs="http://www.w3.org/2001/XMLSchema" xmlns:xsi="http://www.w3.org/2001/XMLSchema-instance">Microsoft Visual C++ 2012 x64 Additional Runtime - 11.0.50727 False</Caption>
    <Description xsi:type="xs:string" xmlns:xs="http://www.w3.org/2001/XMLSchema" xmlns:xsi="http://www.w3.org/2001/XMLSchema-instance">Microsoft Visual C++ 2012 x64 Additional Runtime - 11.0.50727 False</Description>
    <IdentifyingNumber xsi:type="xs:string" xmlns:xs="http://www.w3.org/2001/XMLSchema" xmlns:xsi="http://www.w3.org/2001/XMLSchema-instance">{AC53FC8B-EE18-3F9C-9B59-60937D0B182C}</IdentifyingNumber>
    <InstallDate xsi:type="xs:string" xmlns:xs="http://www.w3.org/2001/XMLSchema" xmlns:xsi="http://www.w3.org/2001/XMLSchema-instance">20160504</InstallDate>
    <Vendor xsi:type="xs:string" xmlns:xs="http://www.w3.org/2001/XMLSchema" xmlns:xsi="http://www.w3.org/2001/XMLSchema-instance">Microsoft Corporation</Vendor>
    <Version xsi:type="xs:string" xmlns:xs="http://www.w3.org/2001/XMLSchema" xmlns:xsi="http://www.w3.org/2001/XMLSchema-instance">11.0.50727</Version>
  </Table1>
  <Table1>
    <Caption xsi:type="xs:string" xmlns:xs="http://www.w3.org/2001/XMLSchema" xmlns:xsi="http://www.w3.org/2001/XMLSchema-instance">Microsoft Visual C++ 2012 x64 Minimum Runtime - 11.0.50727 False</Caption>
    <Description xsi:type="xs:string" xmlns:xs="http://www.w3.org/2001/XMLSchema" xmlns:xsi="http://www.w3.org/2001/XMLSchema-instance">Microsoft Visual C++ 2012 x64 Minimum Runtime - 11.0.50727 False</Description>
    <IdentifyingNumber xsi:type="xs:string" xmlns:xs="http://www.w3.org/2001/XMLSchema" xmlns:xsi="http://www.w3.org/2001/XMLSchema-instance">{A2CB1ACB-94A2-32BA-A15E-7D80319F7589}</IdentifyingNumber>
    <InstallDate xsi:type="xs:string" xmlns:xs="http://www.w3.org/2001/XMLSchema" xmlns:xsi="http://www.w3.org/2001/XMLSchema-instance">20160504</InstallDate>
    <Vendor xsi:type="xs:string" xmlns:xs="http://www.w3.org/2001/XMLSchema" xmlns:xsi="http://www.w3.org/2001/XMLSchema-instance">Microsoft Corporation</Vendor>
    <Version xsi:type="xs:string" xmlns:xs="http://www.w3.org/2001/XMLSchema" xmlns:xsi="http://www.w3.org/2001/XMLSchema-instance">11.0.50727</Version>
  </Table1>
  <Table1>
    <Caption xsi:type="xs:string" xmlns:xs="http://www.w3.org/2001/XMLSchema" xmlns:xsi="http://www.w3.org/2001/XMLSchema-instance">Microsoft Visual C++ 2012 x86 Additional Runtime - 11.0.61030</Caption>
    <Description xsi:type="xs:string" xmlns:xs="http://www.w3.org/2001/XMLSchema" xmlns:xsi="http://www.w3.org/2001/XMLSchema-instance">Microsoft Visual C++ 2012 x86 Additional Runtime - 11.0.61030</Description>
    <IdentifyingNumber xsi:type="xs:string" xmlns:xs="http://www.w3.org/2001/XMLSchema" xmlns:xsi="http://www.w3.org/2001/XMLSchema-instance">{B175520C-86A2-35A7-8619-86DC379688B9}</IdentifyingNumber>
    <InstallDate xsi:type="xs:string" xmlns:xs="http://www.w3.org/2001/XMLSchema" xmlns:xsi="http://www.w3.org/2001/XMLSchema-instance">20161005</InstallDate>
    <Vendor xsi:type="xs:string" xmlns:xs="http://www.w3.org/2001/XMLSchema" xmlns:xsi="http://www.w3.org/2001/XMLSchema-instance">Microsoft Corporation</Vendor>
    <Version xsi:type="xs:string" xmlns:xs="http://www.w3.org/2001/XMLSchema" xmlns:xsi="http://www.w3.org/2001/XMLSchema-instance">11.0.61030</Version>
  </Table1>
  <Table1>
    <Caption xsi:type="xs:string" xmlns:xs="http://www.w3.org/2001/XMLSchema" xmlns:xsi="http://www.w3.org/2001/XMLSchema-instance">Microsoft Visual C++ 2010 Redistributable - x64 10.0.30319 False</Caption>
    <Description xsi:type="xs:string" xmlns:xs="http://www.w3.org/2001/XMLSchema" xmlns:xsi="http://www.w3.org/2001/XMLSchema-instance">Microsoft Visual C++ 2010 Redistributable - x64 10.0.30319 False</Description>
    <IdentifyingNumber xsi:type="xs:string" xmlns:xs="http://www.w3.org/2001/XMLSchema" xmlns:xsi="http://www.w3.org/2001/XMLSchema-instance">{DA5E371C-6333-3D8A-93A4-6FD5B20BCC6E}</IdentifyingNumber>
    <InstallDate xsi:type="xs:string" xmlns:xs="http://www.w3.org/2001/XMLSchema" xmlns:xsi="http://www.w3.org/2001/XMLSchema-instance">20160504</InstallDate>
    <Vendor xsi:type="xs:string" xmlns:xs="http://www.w3.org/2001/XMLSchema" xmlns:xsi="http://www.w3.org/2001/XMLSchema-instance">Microsoft Corporation</Vendor>
    <Version xsi:type="xs:string" xmlns:xs="http://www.w3.org/2001/XMLSchema" xmlns:xsi="http://www.w3.org/2001/XMLSchema-instance">10.0.30319</Version>
  </Table1>
  <Table1>
    <Caption xsi:type="xs:string" xmlns:xs="http://www.w3.org/2001/XMLSchema" xmlns:xsi="http://www.w3.org/2001/XMLSchema-instance">Microsoft Visual C++ 2012 x86 Minimum Runtime - 11.0.51106 False</Caption>
    <Description xsi:type="xs:string" xmlns:xs="http://www.w3.org/2001/XMLSchema" xmlns:xsi="http://www.w3.org/2001/XMLSchema-instance">Microsoft Visual C++ 2012 x86 Minimum Runtime - 11.0.51106 False</Description>
    <IdentifyingNumber xsi:type="xs:string" xmlns:xs="http://www.w3.org/2001/XMLSchema" xmlns:xsi="http://www.w3.org/2001/XMLSchema-instance">{E824E81C-80A4-3DFF-B5F9-4842A9FF5F7F}</IdentifyingNumber>
    <InstallDate xsi:type="xs:string" xmlns:xs="http://www.w3.org/2001/XMLSchema" xmlns:xsi="http://www.w3.org/2001/XMLSchema-instance">20161005</InstallDate>
    <Vendor xsi:type="xs:string" xmlns:xs="http://www.w3.org/2001/XMLSchema" xmlns:xsi="http://www.w3.org/2001/XMLSchema-instance">Microsoft Corporation</Vendor>
    <Version xsi:type="xs:string" xmlns:xs="http://www.w3.org/2001/XMLSchema" xmlns:xsi="http://www.w3.org/2001/XMLSchema-instance">11.0.51106</Version>
  </Table1>
  <Table1>
    <Caption xsi:type="xs:string" xmlns:xs="http://www.w3.org/2001/XMLSchema" xmlns:xsi="http://www.w3.org/2001/XMLSchema-instance">Microsoft Visual C++ 2005 Redistributable - x86 8.0.61001</Caption>
    <Description xsi:type="xs:string" xmlns:xs="http://www.w3.org/2001/XMLSchema" xmlns:xsi="http://www.w3.org/2001/XMLSchema-instance">Microsoft Visual C++ 2005 Redistributable - x86 8.0.61001</Description>
    <IdentifyingNumber xsi:type="xs:string" xmlns:xs="http://www.w3.org/2001/XMLSchema" xmlns:xsi="http://www.w3.org/2001/XMLSchema-instance">{710f4c1c-cc18-4c49-8cbf-51240c89a1a2}</IdentifyingNumber>
    <InstallDate xsi:type="xs:string" xmlns:xs="http://www.w3.org/2001/XMLSchema" xmlns:xsi="http://www.w3.org/2001/XMLSchema-instance">20161005</InstallDate>
    <Vendor xsi:type="xs:string" xmlns:xs="http://www.w3.org/2001/XMLSchema" xmlns:xsi="http://www.w3.org/2001/XMLSchema-instance">Microsoft Corporation</Vendor>
    <Version xsi:type="xs:string" xmlns:xs="http://www.w3.org/2001/XMLSchema" xmlns:xsi="http://www.w3.org/2001/XMLSchema-instance">8.0.61001</Version>
  </Table1>
  <Table1>
    <Caption xsi:type="xs:string" xmlns:xs="http://www.w3.org/2001/XMLSchema" xmlns:xsi="http://www.w3.org/2001/XMLSchema-instance">Microsoft Visual C++ 2012 x64 Minimum Runtime - 11.0.61030</Caption>
    <Description xsi:type="xs:string" xmlns:xs="http://www.w3.org/2001/XMLSchema" xmlns:xsi="http://www.w3.org/2001/XMLSchema-instance">Microsoft Visual C++ 2012 x64 Minimum Runtime - 11.0.61030</Description>
    <IdentifyingNumber xsi:type="xs:string" xmlns:xs="http://www.w3.org/2001/XMLSchema" xmlns:xsi="http://www.w3.org/2001/XMLSchema-instance">{CF2BEA3C-26EA-32F8-AA9B-331F7E34BA97}</IdentifyingNumber>
    <InstallDate xsi:type="xs:string" xmlns:xs="http://www.w3.org/2001/XMLSchema" xmlns:xsi="http://www.w3.org/2001/XMLSchema-instance">20160504</InstallDate>
    <Vendor xsi:type="xs:string" xmlns:xs="http://www.w3.org/2001/XMLSchema" xmlns:xsi="http://www.w3.org/2001/XMLSchema-instance">Microsoft Corporation</Vendor>
    <Version xsi:type="xs:string" xmlns:xs="http://www.w3.org/2001/XMLSchema" xmlns:xsi="http://www.w3.org/2001/XMLSchema-instance">11.0.61030</Version>
  </Table1>
  <Table1>
    <Caption xsi:type="xs:string" xmlns:xs="http://www.w3.org/2001/XMLSchema" xmlns:xsi="http://www.w3.org/2001/XMLSchema-instance">OpenOffice 4.1.2</Caption>
    <Description xsi:type="xs:string" xmlns:xs="http://www.w3.org/2001/XMLSchema" xmlns:xsi="http://www.w3.org/2001/XMLSchema-instance">OpenOffice 4.1.2</Description>
    <IdentifyingNumber xsi:type="xs:string" xmlns:xs="http://www.w3.org/2001/XMLSchema" xmlns:xsi="http://www.w3.org/2001/XMLSchema-instance">{21B8775C-C570-4ED8-B53C-E5ADC872850A}</IdentifyingNumber>
    <InstallDate xsi:type="xs:string" xmlns:xs="http://www.w3.org/2001/XMLSchema" xmlns:xsi="http://www.w3.org/2001/XMLSchema-instance">20160311</InstallDate>
    <InstallLocation xsi:type="xs:string" xmlns:xs="http://www.w3.org/2001/XMLSchema" xmlns:xsi="http://www.w3.org/2001/XMLSchema-instance">C:\Program Files (x86)\OpenOffice 4\</InstallLocation>
    <Vendor xsi:type="xs:string" xmlns:xs="http://www.w3.org/2001/XMLSchema" xmlns:xsi="http://www.w3.org/2001/XMLSchema-instance">Apache Software Foundation</Vendor>
    <Version xsi:type="xs:string" xmlns:xs="http://www.w3.org/2001/XMLSchema" xmlns:xsi="http://www.w3.org/2001/XMLSchema-instance">4.12.9782</Version>
  </Table1>
  <Table1>
    <Caption xsi:type="xs:string" xmlns:xs="http://www.w3.org/2001/XMLSchema" xmlns:xsi="http://www.w3.org/2001/XMLSchema-instance">Microsoft Visual C++ 2015 x86 Additional Runtime - 14.0.24215</Caption>
    <Description xsi:type="xs:string" xmlns:xs="http://www.w3.org/2001/XMLSchema" xmlns:xsi="http://www.w3.org/2001/XMLSchema-instance">Microsoft Visual C++ 2015 x86 Additional Runtime - 14.0.24215</Description>
    <IdentifyingNumber xsi:type="xs:string" xmlns:xs="http://www.w3.org/2001/XMLSchema" xmlns:xsi="http://www.w3.org/2001/XMLSchema-instance">{69BCE4AC-9572-3271-A2FB-9423BDA36A43}</IdentifyingNumber>
    <InstallDate xsi:type="xs:string" xmlns:xs="http://www.w3.org/2001/XMLSchema" xmlns:xsi="http://www.w3.org/2001/XMLSchema-instance">20170306</InstallDate>
    <Vendor xsi:type="xs:string" xmlns:xs="http://www.w3.org/2001/XMLSchema" xmlns:xsi="http://www.w3.org/2001/XMLSchema-instance">Microsoft Corporation</Vendor>
    <Version xsi:type="xs:string" xmlns:xs="http://www.w3.org/2001/XMLSchema" xmlns:xsi="http://www.w3.org/2001/XMLSchema-instance">14.0.24215</Version>
  </Table1>
  <Table1>
    <Caption xsi:type="xs:string" xmlns:xs="http://www.w3.org/2001/XMLSchema" xmlns:xsi="http://www.w3.org/2001/XMLSchema-instance">Microsoft Visual C++ 2008 Redistributable - x86 9.0.30729.4148 False</Caption>
    <Description xsi:type="xs:string" xmlns:xs="http://www.w3.org/2001/XMLSchema" xmlns:xsi="http://www.w3.org/2001/XMLSchema-instance">Microsoft Visual C++ 2008 Redistributable - x86 9.0.30729.4148 False</Description>
    <IdentifyingNumber xsi:type="xs:string" xmlns:xs="http://www.w3.org/2001/XMLSchema" xmlns:xsi="http://www.w3.org/2001/XMLSchema-instance">{1F1C2DFC-2D24-3E06-BCB8-725134ADF989}</IdentifyingNumber>
    <InstallDate xsi:type="xs:string" xmlns:xs="http://www.w3.org/2001/XMLSchema" xmlns:xsi="http://www.w3.org/2001/XMLSchema-instance">20161005</InstallDate>
    <Vendor xsi:type="xs:string" xmlns:xs="http://www.w3.org/2001/XMLSchema" xmlns:xsi="http://www.w3.org/2001/XMLSchema-instance">Microsoft Corporation</Vendor>
    <Version xsi:type="xs:string" xmlns:xs="http://www.w3.org/2001/XMLSchema" xmlns:xsi="http://www.w3.org/2001/XMLSchema-instance">9.0.30729.4148</Version>
  </Table1>
  <Table1>
    <Caption xsi:type="xs:string" xmlns:xs="http://www.w3.org/2001/XMLSchema" xmlns:xsi="http://www.w3.org/2001/XMLSchema-instance">Microsoft Visual C++ 2010 Redistributable - x86 10.0.30319 False</Caption>
    <Description xsi:type="xs:string" xmlns:xs="http://www.w3.org/2001/XMLSchema" xmlns:xsi="http://www.w3.org/2001/XMLSchema-instance">Microsoft Visual C++ 2010 Redistributable - x86 10.0.30319 False</Description>
    <IdentifyingNumber xsi:type="xs:string" xmlns:xs="http://www.w3.org/2001/XMLSchema" xmlns:xsi="http://www.w3.org/2001/XMLSchema-instance">{196BB40D-1578-3D01-B289-BEFC77A11A1E}</IdentifyingNumber>
    <InstallDate xsi:type="xs:string" xmlns:xs="http://www.w3.org/2001/XMLSchema" xmlns:xsi="http://www.w3.org/2001/XMLSchema-instance">20161005</InstallDate>
    <Vendor xsi:type="xs:string" xmlns:xs="http://www.w3.org/2001/XMLSchema" xmlns:xsi="http://www.w3.org/2001/XMLSchema-instance">Microsoft Corporation</Vendor>
    <Version xsi:type="xs:string" xmlns:xs="http://www.w3.org/2001/XMLSchema" xmlns:xsi="http://www.w3.org/2001/XMLSchema-instance">10.0.30319</Version>
  </Table1>
  <Table1>
    <Caption xsi:type="xs:string" xmlns:xs="http://www.w3.org/2001/XMLSchema" xmlns:xsi="http://www.w3.org/2001/XMLSchema-instance">Microsoft Visual C++ 2008 Redistributable - x86 9.0.30729.17 False</Caption>
    <Description xsi:type="xs:string" xmlns:xs="http://www.w3.org/2001/XMLSchema" xmlns:xsi="http://www.w3.org/2001/XMLSchema-instance">Microsoft Visual C++ 2008 Redistributable - x86 9.0.30729.17 False</Description>
    <IdentifyingNumber xsi:type="xs:string" xmlns:xs="http://www.w3.org/2001/XMLSchema" xmlns:xsi="http://www.w3.org/2001/XMLSchema-instance">{9A25302D-30C0-39D9-BD6F-21E6EC160475}</IdentifyingNumber>
    <InstallDate xsi:type="xs:string" xmlns:xs="http://www.w3.org/2001/XMLSchema" xmlns:xsi="http://www.w3.org/2001/XMLSchema-instance">20161005</InstallDate>
    <Vendor xsi:type="xs:string" xmlns:xs="http://www.w3.org/2001/XMLSchema" xmlns:xsi="http://www.w3.org/2001/XMLSchema-instance">Microsoft Corporation</Vendor>
    <Version xsi:type="xs:string" xmlns:xs="http://www.w3.org/2001/XMLSchema" xmlns:xsi="http://www.w3.org/2001/XMLSchema-instance">9.0.30729</Version>
  </Table1>
  <Table1>
    <Caption xsi:type="xs:string" xmlns:xs="http://www.w3.org/2001/XMLSchema" xmlns:xsi="http://www.w3.org/2001/XMLSchema-instance">Microsoft Visual C++ 2008 Redistributable - x86 9.0.30411 False</Caption>
    <Description xsi:type="xs:string" xmlns:xs="http://www.w3.org/2001/XMLSchema" xmlns:xsi="http://www.w3.org/2001/XMLSchema-instance">Microsoft Visual C++ 2008 Redistributable - x86 9.0.30411 False</Description>
    <IdentifyingNumber xsi:type="xs:string" xmlns:xs="http://www.w3.org/2001/XMLSchema" xmlns:xsi="http://www.w3.org/2001/XMLSchema-instance">{5DA8F6CD-C70E-39D8-8430-3D9808D6BD17}</IdentifyingNumber>
    <InstallDate xsi:type="xs:string" xmlns:xs="http://www.w3.org/2001/XMLSchema" xmlns:xsi="http://www.w3.org/2001/XMLSchema-instance">20161005</InstallDate>
    <Vendor xsi:type="xs:string" xmlns:xs="http://www.w3.org/2001/XMLSchema" xmlns:xsi="http://www.w3.org/2001/XMLSchema-instance">Microsoft Corporation</Vendor>
    <Version xsi:type="xs:string" xmlns:xs="http://www.w3.org/2001/XMLSchema" xmlns:xsi="http://www.w3.org/2001/XMLSchema-instance">9.0.30411</Version>
  </Table1>
  <Table1>
    <Caption xsi:type="xs:string" xmlns:xs="http://www.w3.org/2001/XMLSchema" xmlns:xsi="http://www.w3.org/2001/XMLSchema-instance">Microsoft Visual C++ 2012 x86 Minimum Runtime - 11.0.61030</Caption>
    <Description xsi:type="xs:string" xmlns:xs="http://www.w3.org/2001/XMLSchema" xmlns:xsi="http://www.w3.org/2001/XMLSchema-instance">Microsoft Visual C++ 2012 x86 Minimum Runtime - 11.0.61030</Description>
    <IdentifyingNumber xsi:type="xs:string" xmlns:xs="http://www.w3.org/2001/XMLSchema" xmlns:xsi="http://www.w3.org/2001/XMLSchema-instance">{BD95A8CD-1D9F-35AD-981A-3E7925026EBB}</IdentifyingNumber>
    <InstallDate xsi:type="xs:string" xmlns:xs="http://www.w3.org/2001/XMLSchema" xmlns:xsi="http://www.w3.org/2001/XMLSchema-instance">20161005</InstallDate>
    <Vendor xsi:type="xs:string" xmlns:xs="http://www.w3.org/2001/XMLSchema" xmlns:xsi="http://www.w3.org/2001/XMLSchema-instance">Microsoft Corporation</Vendor>
    <Version xsi:type="xs:string" xmlns:xs="http://www.w3.org/2001/XMLSchema" xmlns:xsi="http://www.w3.org/2001/XMLSchema-instance">11.0.61030</Version>
  </Table1>
  <Table1>
    <Caption xsi:type="xs:string" xmlns:xs="http://www.w3.org/2001/XMLSchema" xmlns:xsi="http://www.w3.org/2001/XMLSchema-instance">Microsoft Visual C++ 2008 Redistributable - x86 9.0.30729.4148.0 False</Caption>
    <Description xsi:type="xs:string" xmlns:xs="http://www.w3.org/2001/XMLSchema" xmlns:xsi="http://www.w3.org/2001/XMLSchema-instance">Microsoft Visual C++ 2008 Redistributable - x86 9.0.30729.4148.0 False</Description>
    <IdentifyingNumber xsi:type="xs:string" xmlns:xs="http://www.w3.org/2001/XMLSchema" xmlns:xsi="http://www.w3.org/2001/XMLSchema-instance">{002D9D5E-29BA-3E6D-9BC4-3D7D6DBC735C}</IdentifyingNumber>
    <InstallDate xsi:type="xs:string" xmlns:xs="http://www.w3.org/2001/XMLSchema" xmlns:xsi="http://www.w3.org/2001/XMLSchema-instance">20161005</InstallDate>
    <Vendor xsi:type="xs:string" xmlns:xs="http://www.w3.org/2001/XMLSchema" xmlns:xsi="http://www.w3.org/2001/XMLSchema-instance">Microsoft Corporation</Vendor>
    <Version xsi:type="xs:string" xmlns:xs="http://www.w3.org/2001/XMLSchema" xmlns:xsi="http://www.w3.org/2001/XMLSchema-instance">9.0.30729.4148</Version>
  </Table1>
  <Table1>
    <Caption xsi:type="xs:string" xmlns:xs="http://www.w3.org/2001/XMLSchema" xmlns:xsi="http://www.w3.org/2001/XMLSchema-instance">Microsoft Visual C++ 2005 Redistributable - x86 8.0.51011 False</Caption>
    <Description xsi:type="xs:string" xmlns:xs="http://www.w3.org/2001/XMLSchema" xmlns:xsi="http://www.w3.org/2001/XMLSchema-instance">Microsoft Visual C++ 2005 Redistributable - x86 8.0.51011 False</Description>
    <IdentifyingNumber xsi:type="xs:string" xmlns:xs="http://www.w3.org/2001/XMLSchema" xmlns:xsi="http://www.w3.org/2001/XMLSchema-instance">{a0fe116e-9a8a-466f-aee0-625cb7c207e3}</IdentifyingNumber>
    <InstallDate xsi:type="xs:string" xmlns:xs="http://www.w3.org/2001/XMLSchema" xmlns:xsi="http://www.w3.org/2001/XMLSchema-instance">20161005</InstallDate>
    <Vendor xsi:type="xs:string" xmlns:xs="http://www.w3.org/2001/XMLSchema" xmlns:xsi="http://www.w3.org/2001/XMLSchema-instance">Microsoft Corporation</Vendor>
    <Version xsi:type="xs:string" xmlns:xs="http://www.w3.org/2001/XMLSchema" xmlns:xsi="http://www.w3.org/2001/XMLSchema-instance">8.0.51011</Version>
  </Table1>
  <Table1>
    <Caption xsi:type="xs:string" xmlns:xs="http://www.w3.org/2001/XMLSchema" xmlns:xsi="http://www.w3.org/2001/XMLSchema-instance">Microsoft Visual C++ 2008 Redistributable - x64 9.0.30729.17 False</Caption>
    <Description xsi:type="xs:string" xmlns:xs="http://www.w3.org/2001/XMLSchema" xmlns:xsi="http://www.w3.org/2001/XMLSchema-instance">Microsoft Visual C++ 2008 Redistributable - x64 9.0.30729.17 False</Description>
    <IdentifyingNumber xsi:type="xs:string" xmlns:xs="http://www.w3.org/2001/XMLSchema" xmlns:xsi="http://www.w3.org/2001/XMLSchema-instance">{8220EEFE-38CD-377E-8595-13398D740ACE}</IdentifyingNumber>
    <InstallDate xsi:type="xs:string" xmlns:xs="http://www.w3.org/2001/XMLSchema" xmlns:xsi="http://www.w3.org/2001/XMLSchema-instance">20160504</InstallDate>
    <Vendor xsi:type="xs:string" xmlns:xs="http://www.w3.org/2001/XMLSchema" xmlns:xsi="http://www.w3.org/2001/XMLSchema-instance">Microsoft Corporation</Vendor>
    <Version xsi:type="xs:string" xmlns:xs="http://www.w3.org/2001/XMLSchema" xmlns:xsi="http://www.w3.org/2001/XMLSchema-instance">9.0.30729</Version>
  </Table1>
  <Table1>
    <Caption xsi:type="xs:string" xmlns:xs="http://www.w3.org/2001/XMLSchema" xmlns:xsi="http://www.w3.org/2001/XMLSchema-instance">Microsoft Visual C++ 2008 Redistributable - x86 9.0.30729.0 False</Caption>
    <Description xsi:type="xs:string" xmlns:xs="http://www.w3.org/2001/XMLSchema" xmlns:xsi="http://www.w3.org/2001/XMLSchema-instance">Microsoft Visual C++ 2008 Redistributable - x86 9.0.30729.0 False</Description>
    <IdentifyingNumber xsi:type="xs:string" xmlns:xs="http://www.w3.org/2001/XMLSchema" xmlns:xsi="http://www.w3.org/2001/XMLSchema-instance">{527BBE2F-1FED-3D8B-91CB-4DB0F838E69E}</IdentifyingNumber>
    <InstallDate xsi:type="xs:string" xmlns:xs="http://www.w3.org/2001/XMLSchema" xmlns:xsi="http://www.w3.org/2001/XMLSchema-instance">20161005</InstallDate>
    <Vendor xsi:type="xs:string" xmlns:xs="http://www.w3.org/2001/XMLSchema" xmlns:xsi="http://www.w3.org/2001/XMLSchema-instance">Microsoft Corporation</Vendor>
    <Version xsi:type="xs:string" xmlns:xs="http://www.w3.org/2001/XMLSchema" xmlns:xsi="http://www.w3.org/2001/XMLSchema-instance">9.0.30729</Version>
  </Table1>
  <Table1>
    <Caption xsi:type="xs:string" xmlns:xs="http://www.w3.org/2001/XMLSchema" xmlns:xsi="http://www.w3.org/2001/XMLSchema-instance">Microsoft Visual C++ 2012 x64 Minimum Runtime - 11.0.51106 False</Caption>
    <Description xsi:type="xs:string" xmlns:xs="http://www.w3.org/2001/XMLSchema" xmlns:xsi="http://www.w3.org/2001/XMLSchema-instance">Microsoft Visual C++ 2012 x64 Minimum Runtime - 11.0.51106 False</Description>
    <IdentifyingNumber xsi:type="xs:string" xmlns:xs="http://www.w3.org/2001/XMLSchema" xmlns:xsi="http://www.w3.org/2001/XMLSchema-instance">{5AF4E09F-5C9B-3AAF-B731-544D3DC821DD}</IdentifyingNumber>
    <InstallDate xsi:type="xs:string" xmlns:xs="http://www.w3.org/2001/XMLSchema" xmlns:xsi="http://www.w3.org/2001/XMLSchema-instance">20160504</InstallDate>
    <Vendor xsi:type="xs:string" xmlns:xs="http://www.w3.org/2001/XMLSchema" xmlns:xsi="http://www.w3.org/2001/XMLSchema-instance">Microsoft Corporation</Vendor>
    <Version xsi:type="xs:string" xmlns:xs="http://www.w3.org/2001/XMLSchema" xmlns:xsi="http://www.w3.org/2001/XMLSchema-instance">11.0.51106</Version>
  </Table1>
  <Table1>
    <Caption xsi:type="xs:string" xmlns:xs="http://www.w3.org/2001/XMLSchema" xmlns:xsi="http://www.w3.org/2001/XMLSchema-instance">Microsoft Visual C++ 2005 Redistributable - x86 8.0.50727.42 False</Caption>
    <Description xsi:type="xs:string" xmlns:xs="http://www.w3.org/2001/XMLSchema" xmlns:xsi="http://www.w3.org/2001/XMLSchema-instance">Microsoft Visual C++ 2005 Redistributable - x86 8.0.50727.42 False</Description>
    <IdentifyingNumber xsi:type="xs:string" xmlns:xs="http://www.w3.org/2001/XMLSchema" xmlns:xsi="http://www.w3.org/2001/XMLSchema-instance">{A49F249F-0C91-497F-86DF-B2585E8E76B7}</IdentifyingNumber>
    <InstallDate xsi:type="xs:string" xmlns:xs="http://www.w3.org/2001/XMLSchema" xmlns:xsi="http://www.w3.org/2001/XMLSchema-instance">20161005</InstallDate>
    <Vendor xsi:type="xs:string" xmlns:xs="http://www.w3.org/2001/XMLSchema" xmlns:xsi="http://www.w3.org/2001/XMLSchema-instance">Microsoft Corporation</Vendor>
    <Version xsi:type="xs:string" xmlns:xs="http://www.w3.org/2001/XMLSchema" xmlns:xsi="http://www.w3.org/2001/XMLSchema-instance">8.0.50727.42</Version>
  </Table1>
  <Table1>
    <Caption xsi:type="xs:string" xmlns:xs="http://www.w3.org/2001/XMLSchema" xmlns:xsi="http://www.w3.org/2001/XMLSchema-instance">HP Customer Experience Enhancements</Caption>
    <Description xsi:type="xs:string" xmlns:xs="http://www.w3.org/2001/XMLSchema" xmlns:xsi="http://www.w3.org/2001/XMLSchema-instance">HP Customer Experience Enhancements</Description>
    <IdentifyingNumber xsi:type="xs:string" xmlns:xs="http://www.w3.org/2001/XMLSchema" xmlns:xsi="http://www.w3.org/2001/XMLSchema-instance">{C9EF1AAF-B542-41C8-A537-1142DA5D4AEC}</IdentifyingNumber>
    <InstallDate xsi:type="xs:string" xmlns:xs="http://www.w3.org/2001/XMLSchema" xmlns:xsi="http://www.w3.org/2001/XMLSchema-instance">20160311</InstallDate>
    <InstallLocation xsi:type="xs:string" xmlns:xs="http://www.w3.org/2001/XMLSchema" xmlns:xsi="http://www.w3.org/2001/XMLSchema-instance">C:\Program Files (x86)\</InstallLocation>
    <Vendor xsi:type="xs:string" xmlns:xs="http://www.w3.org/2001/XMLSchema" xmlns:xsi="http://www.w3.org/2001/XMLSchema-instance">Hewlett-Packard</Vendor>
    <Version xsi:type="xs:string" xmlns:xs="http://www.w3.org/2001/XMLSchema" xmlns:xsi="http://www.w3.org/2001/XMLSchema-instance">6.0.3.1</Version>
  </Table1>
  <Table1>
    <Caption xsi:type="xs:string" xmlns:xs="http://www.w3.org/2001/XMLSchema" xmlns:xsi="http://www.w3.org/2001/XMLSchema-instance">Microsoft Visual C++ 2008 Redistributable - x86 9.0.21022.218 False</Caption>
    <Description xsi:type="xs:string" xmlns:xs="http://www.w3.org/2001/XMLSchema" xmlns:xsi="http://www.w3.org/2001/XMLSchema-instance">Microsoft Visual C++ 2008 Redistributable - x86 9.0.21022.218 False</Description>
    <IdentifyingNumber xsi:type="xs:string" xmlns:xs="http://www.w3.org/2001/XMLSchema" xmlns:xsi="http://www.w3.org/2001/XMLSchema-instance">{E503B4BF-F7BB-3D5F-8BC8-F694B1CFF942}</IdentifyingNumber>
    <InstallDate xsi:type="xs:string" xmlns:xs="http://www.w3.org/2001/XMLSchema" xmlns:xsi="http://www.w3.org/2001/XMLSchema-instance">20161005</InstallDate>
    <Vendor xsi:type="xs:string" xmlns:xs="http://www.w3.org/2001/XMLSchema" xmlns:xsi="http://www.w3.org/2001/XMLSchema-instance">Microsoft Corporation</Vendor>
    <Version xsi:type="xs:string" xmlns:xs="http://www.w3.org/2001/XMLSchema" xmlns:xsi="http://www.w3.org/2001/XMLSchema-instance">9.0.21022.218</Version>
  </Table1>
</NewDataSet>